chain1,pos1,chain2,pos2,nt1,nt2,bp1,bp2,label
0,12,0,531,U,G,U,G,tHS
0,13,0,530,G,C,G,C,cWW
0,14,0,529,C,G,C,G,cWW
0,15,0,528,C,G,C,G,cWW
0,16,0,527,A,U,A,U,cWW
0,17,0,526,G,U,G,U,cWW
0,18,0,525,C,G,C,G,cWW
0,19,0,524,U,A,U,A,cWW
0,20,0,523,G,C,G,C,cWW
0,21,0,522,G,U,G,U,cWW
0,22,0,521,U,A,U,A,tWH
0,23,0,520,G,A,G,A,tSH
0,24,0,519,G,A,G,A,tSH
0,25,0,518,A,G,A,G,tHS
0,26,0,517,U,U,U,U,cWW
0,27,0,516,U,A,U,A,cWW
0,28,0,480,G,C,G,C,cWW
0,29,0,479,C,G,C,G,cWW
0,30,0,453,U,A,U,A,tWH
0,32,0,451,G,C,G,C,cWW
0,33,0,450,G,C,G,C,cWW
0,34,0,448,C,G,C,G,cWW
0,35,0,447,U,A,U,A,cWW
0,36,0,446,C,G,C,G,cWW
0,36,0,674,C,A,C,A,cSW
0,37,0,445,A,U,A,U,cWW
0,38,0,444,G,C,G,C,cWW
0,39,0,443,G,C,G,C,cWW
0,40,0,441,C,A,C,A,cWW
0,40,0,442,C,A,C,A,cWW
0,41,0,440,G,C,G,C,cWW
0,42,0,149,C,G,C,G,cWW
0,43,0,148,U,A,U,A,cWW
0,44,0,45,G,A,G,A,cSW
0,47,0,113,G,A,G,A,tSH
0,49,0,112,A,G,A,G,tHS
0,50,0,111,G,C,G,C,cWW
0,51,0,110,G,C,G,C,cWW
0,52,0,109,A,U,A,U,cWW
0,53,0,66,C,G,C,G,cWW
0,54,0,65,G,C,G,C,cWW
0,55,0,64,U,G,U,G,cWW
0,56,0,62,G,C,G,C,cW
0,57,0,89,C,G,C,G,cWW
0,58,0,88,C,G,C,G,cWW
0,59,0,85,A,C,A,C,tW
0,61,0,85,G,C,G,C,cWW
0,62,0,84,C,G,C,G,cWW
0,66,0,67,G,A,G,A,cSW
0,71,0,106,G,A,G,A,cWW
0,72,0,105,C,G,C,G,cWW
0,73,0,104,C,G,C,G,cWW
0,74,0,103,A,U,A,U,cWW
0,75,0,102,U,A,U,A,cWW
0,76,0,101,G,C,G,C,cWW
0,77,0,100,G,C,G,C,cWW
0,78,0,99,G,A,G,A,tSH
0,79,0,98,G,A,G,A,tSH
0,80,0,97,A,G,A,G,tHS
0,81,0,93,G,C,G,C,cWW
0,82,0,92,C,G,C,G,cWW
0,83,0,91,C,G,C,G,cWW
0,116,0,124,G,C,G,C,cWW
0,117,0,123,A,U,A,U,cWW
0,118,0,122,G,C,G,C,cWW
0,125,0,129,U,A,U,A,cWW
0,130,0,144,C,A,C,A,tWH
0,130,0,145,C,A,C,A,tWH
0,132,0,146,A,U,A,U,cWW
0,133,0,145,U,A,U,A,cWW
0,134,0,141,U,C,U,C,t
0,134,0,144,U,A,U,A,cWW
0,135,0,143,G,C,G,C,cWW
0,136,0,142,C,G,C,G,cWW
0,152,0,185,A,G,A,G,cWW
0,152,0,440,A,C,A,C,cSS
0,153,0,184,C,G,C,G,cWW
0,153,0,439,C,A,C,A,cSS
0,154,0,182,C,G,C,G,cWW
0,155,0,181,C,G,C,G,cWW
0,156,0,180,C,G,C,G,cWW
0,157,0,179,G,C,G,C,cWW
0,157,0,1470,G,A,G,A,cSW
0,158,0,178,A,U,A,U,cWW
0,159,0,177,G,A,G,A,tSH
0,160,0,176,A,U,A,U,tHW
0,162,0,173,C,C,C,C,tH
0,162,0,893,C,C,C,C,t
0,163,0,172,U,U,U,U,cWW
0,164,0,171,G,C,G,C,cWW
0,164,0,222,G,A,G,A,cSS
0,165,0,170,A,U,A,U,tWH
0,165,0,221,A,G,A,G,cSW
0,168,0,219,C,G,C,G,cWW
0,190,0,204,G,A,G,A,cSW
0,190,0,435,G,A,G,A,tWH
0,191,0,236,A,A,A,A,cWS
0,191,0,434,A,U,A,U,tHW
0,192,0,203,A,G,A,G,tHS
0,194,0,202,A,U,A,U,cWW
0,195,0,201,C,G,C,G,cWW
0,196,0,199,G,A,G,A,tSH
0,196,0,425,G,U,G,U,cWS
0,206,0,233,G,U,G,U,cWW
0,207,0,232,U,A,U,A,cWW
0,208,0,231,C,G,C,G,cWW
0,209,0,230,G,C,G,C,cWW
0,210,0,229,U,G,U,G,cWW
0,211,0,228,U,C,U,C,tSH
0,214,0,226,U,A,U,A,tWH
0,215,0,225,A,G,A,G,tHS
0,216,0,224,A,U,A,U,cWW
0,217,0,223,C,G,C,G,cWW
0,218,0,222,C,A,C,A,tSH
0,234,0,436,A,A,A,A,cSS
0,237,0,433,G,C,G,C,cWW
0,238,0,432,C,G,C,G,cWW
0,239,0,431,C,G,C,G,cWW
0,240,0,379,C,G,C,G,cWW
0,241,0,270,A,U,A,U,tHW
0,242,0,269,A,G,A,G,tHS
0,242,0,377,A,C,A,C,cSS
0,244,0,267,C,G,C,G,cWW
0,245,0,266,C,G,C,G,cWW
0,246,0,265,G,U,G,U,tSW
0,247,0,264,A,G,A,G,tHS
0,248,0,265,A,U,A,U,cWW
0,249,0,260,G,C,G,C,cWW
0,250,0,259,C,G,C,G,cWW
0,251,0,258,C,G,C,G,cWW
0,252,0,257,C,G,C,G,cWW
0,253,0,256,U,C,U,C,tSH
0,273,0,377,G,C,G,C,cWW
0,274,0,376,G,C,G,C,cWW
0,275,0,374,G,U,G,U,cWW
0,276,0,373,C,G,C,G,cWW
0,277,0,372,U,A,U,A,cWW
0,278,0,371,A,U,A,U,cWW
0,279,0,370,C,G,C,G,cWW
0,280,0,369,C,G,C,G,cWW
0,281,0,368,U,C,U,C,tW
0,282,0,368,C,C,C,C,tSH
0,284,0,367,C,G,C,G,cWW
0,285,0,367,A,G,A,G,tHS
0,286,0,366,U,U,U,U,cWW
0,287,0,365,C,G,C,G,cWW
0,288,0,364,A,C,A,C,cWW
0,289,0,363,G,A,G,A,cWW
0,290,0,362,C,G,C,G,cWW
0,291,0,361,C,C,C,C,cWW
0,292,0,360,G,A,G,A,tSH
0,293,0,359,A,U,A,U,tHW
0,295,0,356,C,C,C,C,cWW
0,296,0,355,G,C,G,C,cWW
0,297,0,354,U,A,U,A,cWW
0,298,0,353,C,G,C,G,cWW
0,299,0,352,U,A,U,A,cWW
0,300,0,351,C,G,C,G,cWW
0,301,0,350,G,C,G,C,cWW
0,302,0,349,A,U,A,U,cWW
0,303,0,348,C,C,C,C,cWW
0,304,0,347,G,A,G,A,tSH
0,305,0,345,A,G,A,G,cHW
0,306,0,345,A,G,A,G,--
0,307,0,323,G,C,G,C,cWW
0,308,0,339,U,A,U,A,cWW
0,309,0,322,C,G,C,G,cWW
0,310,0,321,U,A,U,A,cWW
0,311,0,320,C,G,C,G,cWW
0,312,0,319,U,A,U,A,cWW
0,313,0,317,U,A,U,A,tWH
0,324,0,341,G,C,G,C,cWW
0,325,0,340,U,A,U,A,cWW
0,326,0,330,G,C,G,C,cWW
0,329,0,346,A,U,A,U,cSW
0,331,0,345,A,G,A,G,tHS
0,332,0,344,G,C,G,C,cWW
0,333,0,343,G,C,G,C,cWW
0,334,0,342,G,C,G,C,cWW
0,335,0,339,U,A,U,A,tWH
0,382,0,407,U,A,U,A,tWH
0,383,0,406,A,G,A,G,tHS
0,384,0,405,G,C,G,C,cWW
0,385,0,404,C,G,C,G,cWW
0,386,0,403,G,C,G,C,cWW
0,387,0,402,G,U,G,U,cWW
0,388,0,401,G,C,G,C,cWW
0,389,0,400,G,C,G,C,cWW
0,390,0,399,G,C,G,C,cWW
0,391,0,398,U,U,U,U,cWW
0,393,0,417,G,G,G,G,cWW
0,394,0,417,G,G,G,G,cSW
0,412,0,428,C,G,C,G,cWW
0,413,0,427,G,C,G,C,cWW
0,414,0,426,C,G,C,G,cWW
0,415,0,425,A,U,A,U,cWW
0,416,0,424,G,C,G,C,cWW
0,418,0,2449,C,G,C,G,cWW
0,419,0,1920,A,C,A,C,cSW
0,419,0,2448,A,U,A,U,cWW
0,420,0,2447,U,A,U,A,cWW
0,421,0,2446,C,G,C,G,cWW
0,422,0,2445,G,U,G,U,cWW
0,423,0,2444,A,U,A,U,cWW
0,451,0,455,C,A,C,A,cSW
0,454,0,1362,U,U,U,U,cWS
0,455,0,460,A,A,A,A,tWH
0,465,0,476,U,A,U,A,tWH
0,466,0,475,A,G,A,G,tHS
0,467,0,474,G,C,G,C,cWW
0,468,0,473,U,A,U,A,cWW
0,469,0,472,G,A,G,A,tSH
0,471,0,774,G,C,G,C,cSS
0,481,0,485,U,A,U,A,tWH
0,482,0,486,G,A,G,A,tSH
0,487,0,515,G,C,G,C,cWW
0,488,0,503,U,G,U,G,cWW
0,489,0,503,A,G,A,G,tHS
0,490,0,502,C,A,C,A,cWW
0,491,0,501,C,G,C,G,cWW
0,492,0,500,C,G,C,G,cWW
0,493,0,499,U,G,U,G,cWW
0,494,0,498,C,A,C,A,tSH
0,504,0,512,G,G,G,G,tWH
0,505,0,509,C,A,C,A,tWH
0,506,0,511,G,A,G,A,tSH
0,520,0,638,A,C,A,C,cSS
0,535,0,2082,G,G,G,G,tHW
0,537,0,2059,G,U,G,U,cWW
0,538,0,2060,C,A,C,A,cWS
0,539,0,617,G,C,G,C,cWW
0,540,0,616,A,U,A,U,cWW
0,541,0,615,C,G,C,G,cWW
0,542,0,614,A,U,A,U,cWW
0,543,0,613,G,C,G,C,cWW
0,544,0,612,G,U,G,U,cWW
0,545,0,611,G,U,G,U,cWW
0,546,0,610,C,G,C,G,cWW
0,547,0,609,A,U,A,U,cWW
0,548,0,608,U,A,U,A,cWW
0,553,0,606,G,C,G,C,cWW
0,554,0,605,G,C,G,C,cWW
0,555,0,602,U,A,U,A,cWW
0,556,0,601,C,G,C,G,cWW
0,557,0,600,C,G,C,G,cWW
0,558,0,599,C,G,C,G,cWW
0,559,0,598,U,C,U,C,cWW
0,560,0,597,C,A,C,A,cWW
0,561,0,596,G,C,G,C,cWW
0,562,0,595,A,U,A,U,cWW
0,563,0,594,C,C,C,C,cWW
0,565,0,1264,A,U,A,U,cSS
0,566,0,592,A,G,A,G,tHS
0,567,0,591,U,A,U,A,cWW
0,568,0,590,G,A,G,A,tSH
0,569,0,589,A,U,A,U,tHW
0,571,0,586,C,C,C,C,cWW
0,572,0,585,G,C,G,C,cWW
0,573,0,584,A,U,A,U,cWW
0,574,0,583,C,G,C,G,cWW
0,575,0,582,G,C,G,C,cWW
0,576,0,581,C,G,C,G,cWW
0,577,0,580,G,A,G,A,tSH
0,579,0,1111,G,U,G,U,cSS
0,580,0,1110,A,G,A,G,cSS
0,619,0,2074,U,A,U,A,cWW
0,620,0,635,A,A,A,A,cWW
0,621,0,634,C,G,C,G,cWW
0,622,0,633,G,C,G,C,cWW
0,623,0,632,U,A,U,A,cWW
0,625,0,2071,U,C,U,C,cWW
0,626,0,1081,U,A,U,A,cSW
0,634,0,1357,G,A,G,A,cSS
0,636,0,1365,G,C,G,C,cWW
0,637,0,1364,C,G,C,G,cWW
0,638,0,1363,C,G,C,G,cWW
0,639,0,1362,A,U,A,U,cWW
0,640,0,1361,G,C,G,C,cWW
0,641,0,1360,G,C,G,C,cWW
0,642,0,1358,G,A,G,A,tSH
0,644,0,903,G,U,G,U,cWW
0,646,0,759,G,C,G,C,cWW
0,647,0,758,U,A,U,A,cWW
0,648,0,757,G,C,G,C,cWW
0,649,0,756,U,A,U,A,cWW
0,650,0,755,C,G,C,G,cWW
0,651,0,754,U,G,U,G,cWW
0,652,0,753,G,U,G,U,cWW
0,653,0,752,C,G,C,G,cWW
0,654,0,751,A,U,A,U,cWW
0,655,0,750,U,A,U,A,cWW
0,656,0,749,G,C,G,C,cWW
0,657,0,748,G,C,G,C,cWW
0,658,0,747,C,G,C,G,cWW
0,661,0,685,G,C,G,C,cWW
0,662,0,684,U,G,U,G,cWW
0,663,0,683,C,G,C,G,cWW
0,664,0,682,U,A,U,A,tWH
0,666,0,680,A,G,A,G,tHS
0,667,0,679,C,G,C,G,cWW
0,668,0,678,C,G,C,G,cWW
0,669,0,677,G,C,G,C,cWW
0,670,0,676,G,C,G,C,cWW
0,689,0,696,G,C,G,C,cWW
0,690,0,695,G,C,G,C,cWW
0,691,0,694,G,A,G,A,tSH
0,692,0,2453,A,G,A,G,cWS
0,699,0,727,C,G,C,G,cWW
0,702,0,726,G,C,G,C,cWW
0,703,0,725,G,C,G,C,cWW
0,704,0,724,C,G,C,G,cWW
0,705,0,723,C,G,C,G,cWW
0,706,0,722,G,G,G,G,tSH
0,707,0,721,C,A,C,A,tWH
0,708,0,720,A,G,A,G,tHS
0,709,0,719,G,C,G,C,cWW
0,710,0,718,G,C,G,C,cWW
0,711,0,717,G,C,G,C,cWW
0,712,0,716,C,G,C,G,cWW
0,726,0,744,C,G,C,G,c
0,728,0,743,C,G,C,G,cWW
0,729,0,742,C,G,C,G,cWW
0,730,0,741,G,C,G,C,cWW
0,731,0,740,U,G,U,G,cWW
0,732,0,739,C,G,C,G,cWW
0,733,0,738,U,G,U,G,cWW
0,762,0,902,C,G,C,G,cWW
0,763,0,901,C,G,C,G,cWW
0,764,0,900,C,U,C,U,cWW
0,765,0,899,G,C,G,C,cWW
0,766,0,896,A,C,A,C,tHW
0,766,0,2478,A,U,A,U,cSS
0,767,0,895,A,A,A,A,tHW
0,769,0,892,C,G,C,G,cWW
0,770,0,891,C,G,C,G,cWW
0,771,0,890,G,C,G,C,cWW
0,772,0,889,G,C,G,C,cWW
0,773,0,888,A,U,A,U,cWW
0,774,0,887,C,G,C,G,cWW
0,775,0,868,G,G,G,G,tWH
0,778,0,1836,C,A,C,A,cSW
0,780,0,866,A,U,A,U,cWW
0,781,0,865,C,G,C,G,cWW
0,782,0,864,G,U,G,U,cWW
0,783,0,863,C,G,C,G,cWW
0,784,0,862,A,U,A,U,cWW
0,784,0,1458,A,A,A,A,cSS
0,785,0,861,U,A,U,A,cWW
0,786,0,860,G,U,G,U,cWW
0,787,0,859,G,C,G,C,cWW
0,788,0,858,A,U,A,U,cWW
0,789,0,856,C,G,C,G,cWW
0,790,0,824,A,G,A,G,tHS
0,790,0,1709,A,G,A,G,cWS
0,791,0,823,A,U,A,U,cWW
0,792,0,822,G,C,G,C,cWW
0,793,0,821,A,U,A,U,cWW
0,794,0,819,U,A,U,A,cWW
0,795,0,818,G,A,G,A,tSH
0,796,0,817,A,G,A,G,tHS
0,797,0,816,A,G,A,G,tHS
0,798,0,815,G,U,G,U,cWW
0,799,0,814,C,G,C,G,cWW
0,800,0,813,G,C,G,C,cWW
0,801,0,812,U,A,U,A,cWW
0,802,0,811,G,C,G,C,cWW
0,803,0,810,C,G,C,G,cWW
0,804,0,809,C,G,C,G,cWW
0,805,0,808,G,A,G,A,tSH
0,820,0,1830,G,C,G,C,cWW
0,827,0,854,A,G,A,G,tHS
0,828,0,853,G,C,G,C,cWW
0,829,0,852,A,U,A,U,cWW
0,830,0,851,G,C,G,C,cWW
0,832,0,850,U,U,U,U,cWW
0,833,0,849,G,C,G,C,cWW
0,834,0,848,G,C,G,C,cWW
0,836,0,847,G,C,G,C,cWW
0,837,0,846,U,A,U,A,cWW
0,840,0,2055,U,A,U,A,cWS
0,842,0,846,C,A,C,A,cWS
0,851,0,2022,C,A,C,A,cSW
0,857,0,1845,A,A,A,A,cWS
0,867,0,870,A,G,A,G,cSS
0,868,0,884,G,C,G,C,cWW
0,870,0,880,G,C,G,C,cWW
0,871,0,879,G,C,G,C,cWW
0,872,0,878,U,G,U,G,cWW
0,885,0,2113,G,G,G,G,cSS
0,900,0,2101,U,A,U,A,cSW
0,901,0,1358,G,A,G,A,cSS
0,905,0,1300,C,G,C,G,cWW
0,906,0,1299,C,G,C,G,cWW
0,907,0,1298,A,U,A,U,cWW
0,908,0,1297,A,U,A,U,cWW
0,909,0,1296,U,A,U,A,cWW
0,910,0,1295,C,G,C,G,cWW
0,911,0,1294,G,A,G,A,tSH
0,912,0,1293,A,U,A,U,tHW
0,914,0,1070,A,A,A,A,tHS
0,915,0,928,C,G,C,G,cWW
0,916,0,927,A,U,A,U,cWW
0,917,0,926,U,A,U,A,cWW
0,918,0,925,G,C,G,C,cWW
0,919,0,924,U,G,U,G,cWW
0,921,0,2279,G,G,G,G,cWS
0,923,0,2480,A,G,A,G,cWS
0,926,0,1043,A,C,A,C,tHW
0,928,0,2394,G,A,G,A,cSW
0,929,0,1041,A,U,A,U,cWW
0,930,0,1040,C,A,C,A,tWH
0,931,0,1039,C,G,C,G,cWW
0,932,0,1038,U,G,U,G,cWW
0,933,0,1037,C,G,C,G,cWW
0,934,0,1036,C,G,C,G,cWW
0,935,0,1035,G,C,G,C,cWW
0,936,0,1034,C,G,C,G,cWW
0,937,0,1033,C,C,C,C,cWW
0,938,0,1032,G,A,G,A,tSH
0,939,0,1031,A,G,A,G,tHS
0,940,0,1026,G,C,G,C,cWW
0,941,0,1025,G,C,G,C,cWW
0,942,0,1024,U,G,U,G,cWW
0,943,0,1025,A,C,A,C,cWS
0,944,0,1023,G,C,G,C,cWW
0,945,0,1022,U,A,U,A,cWW
0,946,0,1021,C,G,C,G,cWW
0,947,0,1020,U,A,U,A,cWW
0,948,0,1019,G,C,G,C,cWW
0,949,0,1018,U,A,U,A,cWW
0,950,0,1017,G,U,G,U,cWW
0,951,0,1016,A,U,A,U,cWW
0,952,0,1015,G,C,G,C,cWW
0,954,0,1013,U,A,U,A,tWH
0,955,0,1012,A,A,A,A,tHS
0,956,0,1011,G,C,G,C,cWW
0,957,0,1009,A,U,A,U,cWW
0,958,0,1008,G,C,G,C,cWW
0,959,0,1005,C,A,C,A,tWH
0,962,0,1008,C,C,C,C,cWS
0,963,0,1005,C,A,C,A,cWW
0,964,0,1004,G,C,G,C,cWW
0,965,0,1003,A,U,A,U,cWW
0,966,0,1002,U,G,U,G,cWW
0,967,0,1001,U,U,U,U,cWW
0,968,0,1000,G,C,G,C,cWW
0,969,0,999,G,C,G,C,cWW
0,1045,0,1069,G,C,G,C,cWW
0,1046,0,1068,G,C,G,C,cWW
0,1047,0,1067,U,A,U,A,cWW
0,1048,0,1066,G,U,G,U,cWW
0,1049,0,1065,C,G,C,G,cWW
0,1050,0,1064,G,U,G,U,cWW
0,1051,0,1063,C,G,C,G,cWW
0,1052,0,1062,G,U,G,U,cWW
0,1053,0,1061,G,C,G,C,cWW
0,1054,0,1060,G,C,G,C,cWW
0,1054,0,2283,G,G,G,G,tSW
0,1055,0,1058,G,A,G,A,tSH
0,1058,0,2491,A,G,A,G,cSS
0,1063,0,2301,G,A,G,A,tSH
0,1069,0,1081,C,A,C,A,cSS
0,1072,0,1088,G,A,G,A,tSH
0,1073,0,1086,A,A,A,A,tHS
0,1073,0,1087,A,G,A,G,tHS
0,1074,0,1085,G,C,G,C,cWW
0,1075,0,1084,G,C,G,C,cWW
0,1076,0,1083,G,C,G,C,cWW
0,1076,9,87,G,U,G,U,cSW
0,1083,0,1124,C,A,C,A,cSW
0,1085,0,1097,C,A,C,A,cSS
0,1088,0,1260,A,G,A,G,cSW
0,1089,0,1267,G,C,G,C,cWW
0,1090,0,1266,A,U,A,U,cWW
0,1091,0,1265,U,G,U,G,cWW
0,1092,0,1264,A,U,A,U,cWW
0,1093,0,1263,G,C,G,C,cWW
0,1094,0,1262,G,C,G,C,cWW
0,1095,0,1261,U,A,U,A,cWW
0,1096,0,1259,U,A,U,A,tWH
0,1098,0,1258,A,G,A,G,tHS
0,1099,0,1257,G,C,G,C,cWW
0,1100,0,1256,G,C,G,C,cWW
0,1101,0,1255,U,A,U,A,cWW
0,1102,0,1241,C,G,C,G,cWW
0,1103,0,1240,C,G,C,G,cWW
0,1104,0,1239,C,G,C,G,cWW
0,1106,0,1257,A,C,A,C,cSS
0,1108,0,1254,G,C,G,C,cWW
0,1110,0,1253,G,C,G,C,cWW
0,1111,0,1252,U,A,U,A,cWW
0,1112,0,1251,G,C,G,C,cWW
0,1113,0,1250,G,C,G,C,cWW
0,1114,0,1249,A,U,A,U,cWW
0,1115,0,1248,U,A,U,A,cWW
0,1116,0,1118,U,A,U,A,cSW
0,1116,0,1246,U,A,U,A,tWH
0,1118,0,1244,A,U,A,U,tHW
0,1121,0,1243,G,C,G,C,cWW
0,1122,0,1242,U,A,U,A,cWW
0,1132,0,2521,A,A,A,A,cWS
0,1133,0,1229,A,C,A,C,tHS
0,1133,0,2520,A,G,A,G,cSS
0,1134,0,1228,G,C,G,C,cWW
0,1135,0,1227,G,C,G,C,cWW
0,1136,0,1226,U,G,U,G,cWW
0,1138,0,1225,G,C,G,C,cWW
0,1139,0,1224,U,G,U,G,cWW
0,1140,0,1223,C,G,C,G,cWW
0,1141,0,1222,U,A,U,A,cWW
0,1142,0,1221,C,G,C,G,cWW
0,1143,0,1220,G,U,G,U,cWW
0,1144,0,1219,A,U,A,U,cWW
0,1145,0,1218,G,U,G,U,cWW
0,1146,0,1217,C,G,C,G,cWW
0,1147,0,1216,C,G,C,G,cWW
0,1151,0,1215,G,A,G,A,tSH
0,1152,0,1214,A,G,A,G,tHS
0,1154,0,1213,A,C,A,C,cWW
0,1155,0,1212,G,C,G,C,cWW
0,1156,0,1211,C,G,C,G,cWW
0,1157,0,1210,C,G,C,G,cWW
0,1158,0,1209,G,C,G,C,cWW
0,1159,0,1189,G,A,G,A,tSH
0,1159,0,1208,G,C,G,C,cWW
0,1160,0,1207,G,A,G,A,tSH
0,1161,0,1185,A,U,A,U,cWW
0,1162,0,1184,G,C,G,C,cWW
0,1163,0,1183,G,C,G,C,cWW
0,1164,0,1192,U,A,U,A,cWW
0,1166,0,1180,A,U,A,U,cWW
0,1167,0,1179,G,C,G,C,cWW
0,1168,0,1178,C,G,C,G,cWW
0,1169,0,1177,U,A,U,A,cWW
0,1170,0,1173,U,A,U,A,tSH
0,1175,0,1195,G,G,G,G,cHH
0,1176,0,1203,C,G,C,G,cW
0,1191,0,1206,A,U,A,U,cWW
0,1194,0,1205,A,U,A,U,cWW
0,1195,0,1204,G,C,G,C,cWW
0,1196,0,1203,C,G,C,G,cWW
0,1197,0,1202,G,A,G,A,tSH
0,1198,0,1201,U,C,U,C,tSH
0,1231,0,2498,A,C,A,C,cWS
0,1235,0,2080,G,G,G,G,cWS
0,1238,0,1241,C,G,C,G,tWH
0,1268,0,1290,C,G,C,G,cWW
0,1269,0,1289,G,C,G,C,cWW
0,1270,0,1286,U,A,U,A,cWW
0,1271,0,1285,A,U,A,U,cWW
0,1272,0,1284,C,G,C,G,cWW
0,1273,0,1283,C,G,C,G,cWW
0,1274,0,1282,A,U,A,U,cWW
0,1275,0,1281,C,C,C,C,cWW
0,1276,0,1280,U,A,U,A,tSH
0,1301,0,1354,C,G,C,G,cWW
0,1302,0,1353,G,C,G,C,cWW
0,1303,0,1351,C,G,C,G,cWW
0,1304,0,1350,U,U,U,U,cWW
0,1305,0,1349,C,G,C,G,cWW
0,1306,0,1348,U,A,U,A,cWW
0,1307,0,1347,A,U,A,U,cWW
0,1308,0,1346,A,U,A,U,cWW
0,1309,0,1345,U,A,U,A,cWW
0,1310,0,1344,U,G,U,G,cWW
0,1311,0,1343,G,C,G,C,cWW
0,1312,0,1342,G,C,G,C,cWW
0,1316,0,1341,G,A,G,A,tSH
0,1317,0,1340,A,G,A,G,tHS
0,1318,0,1339,A,G,A,G,tHS
0,1319,0,1338,G,U,G,U,cWW
0,1320,0,1337,U,A,U,A,cWW
0,1321,0,1336,A,U,A,U,cWW
0,1322,0,1335,G,C,G,C,cWW
0,1323,0,1334,G,C,G,C,cWW
0,1324,0,1333,G,U,G,U,cWW
0,1325,0,1332,G,C,G,C,cWW
0,1326,0,1331,U,A,U,A,cWW
0,1327,0,1330,G,A,G,A,tSH
0,1366,0,2058,C,G,C,G,cWW
0,1367,0,2057,A,U,A,U,cWW
0,1368,0,2056,U,C,U,C,tSH
0,1371,0,2054,U,A,U,A,tWH
0,1372,0,2053,A,G,A,G,tHS
0,1373,0,2052,G,U,G,U,cWW
0,1374,0,2051,C,G,C,G,cWW
0,1375,0,2044,A,G,A,G,cWS
0,1382,0,1400,G,C,G,C,cWW
0,1383,0,1399,U,A,U,A,cWW
0,1384,0,1398,C,G,C,G,cWW
0,1385,0,1397,G,C,G,C,cWW
0,1386,0,1396,G,C,G,C,cWW
0,1387,0,1395,G,C,G,C,cWW
0,1388,0,1392,U,A,U,A,tWH
0,1389,0,1435,G,U,G,U,cSW
0,1393,0,1725,A,C,A,C,cWS
0,1401,0,1721,G,C,G,C,cWW
0,1402,0,1720,G,C,G,C,cWW
0,1403,0,1719,C,G,C,G,cWW
0,1404,0,1718,C,G,C,G,cWW
0,1405,0,1716,U,A,U,A,tWH
0,1409,0,1700,G,C,G,C,cWW
0,1410,0,1699,G,C,G,C,cWW
0,1411,0,1698,A,U,A,U,cWW
0,1412,0,1697,U,G,U,G,cWW
0,1414,0,1681,A,G,A,G,tHS
0,1415,0,1680,G,C,G,C,cWW
0,1416,0,1679,G,C,G,C,cWW
0,1416,0,1685,G,A,G,A,cSS
0,1419,0,1678,U,A,U,A,cWW
0,1420,0,1444,C,G,C,G,cWW
0,1421,0,1443,C,G,C,G,cWW
0,1421,0,1501,C,A,C,A,cSS
0,1422,0,1442,U,A,U,A,cWW
0,1423,0,1441,C,G,C,G,cWW
0,1424,0,1440,A,U,A,U,cWW
0,1425,0,1439,G,C,G,C,cWW
0,1426,0,1437,C,A,C,A,tWH
0,1428,0,1439,C,C,C,C,cWS
0,1429,0,1437,U,A,U,A,cWW
0,1430,0,1436,G,C,G,C,cWW
0,1448,0,1677,A,U,A,U,tHW
0,1449,0,1513,G,C,G,C,cWW
0,1450,0,1512,C,G,C,G,cWW
0,1451,0,1676,C,G,C,G,cWW
0,1452,0,1486,G,A,G,A,cSW
0,1452,0,1675,G,C,G,C,cWW
0,1453,0,1674,G,C,G,C,cWW
0,1454,0,1491,U,G,U,G,tHW
0,1455,0,1490,C,G,C,G,cWW
0,1456,0,1489,C,G,C,G,cWW
0,1457,0,1485,U,A,U,A,tWH
0,1459,0,1484,A,G,A,G,tHS
0,1460,0,1483,G,C,G,C,cWW
0,1461,0,1482,U,A,U,A,cWW
0,1462,0,1481,C,G,C,G,cWW
0,1463,0,1480,A,U,A,U,cWW
0,1464,0,1479,U,A,U,A,cWW
0,1465,0,1478,A,U,A,U,cWW
0,1466,0,1477,C,C,C,C,cWW
0,1467,0,1475,C,G,C,G,cWW
0,1468,0,1474,G,C,G,C,cWW
0,1469,0,1472,C,C,C,C,tWH
0,1492,0,1514,A,C,A,C,cSS
0,1494,0,1511,A,U,A,U,cWW
0,1495,0,1510,C,G,C,G,cWW
0,1495,0,1572,C,A,C,A,cSS
0,1496,0,1509,G,C,G,C,cWW
0,1497,0,1508,G,C,G,C,cWW
0,1498,0,1507,G,C,G,C,cWW
0,1499,0,1504,U,A,U,A,tWH
0,1514,0,1672,C,G,C,G,cWW
0,1515,0,1671,A,U,A,U,cWW
0,1516,0,1670,C,G,C,G,cWW
0,1517,0,1669,U,A,U,A,cWW
0,1518,0,1668,A,U,A,U,cWW
0,1519,0,1667,U,A,U,A,cWW
0,1520,0,1666,G,C,G,C,cWW
0,1521,0,1665,C,G,C,G,cWW
0,1528,0,1663,A,G,A,G,tHS
0,1529,0,1662,G,C,G,C,cWW
0,1530,0,1661,U,A,U,A,cWW
0,1531,0,1660,U,G,U,G,cWW
0,1532,0,1659,G,A,G,A,tSH
0,1534,0,1657,C,A,C,A,tWH
0,1535,0,1650,G,C,G,C,cWW
0,1536,0,1649,C,G,C,G,cWW
0,1537,0,1648,C,G,C,G,cWW
0,1538,0,1647,C,G,C,G,cWW
0,1539,0,1646,U,G,U,G,cWW
0,1540,0,1645,G,U,G,U,cWW
0,1541,0,1644,G,C,G,C,cWW
0,1542,0,1643,G,C,G,C,cWW
0,1543,0,1642,G,A,G,A,tSH
0,1544,0,1641,U,A,U,A,tWH
0,1545,0,1640,C,C,C,C,tHW
0,1545,0,1702,C,U,C,U,cWW
0,1546,0,1639,G,U,G,U,cWW
0,1547,0,1638,A,U,A,U,cWW
0,1548,0,1637,U,A,U,A,cWW
0,1549,0,1636,C,G,C,G,cWW
0,1550,0,1635,A,U,A,U,cWW
0,1551,0,1634,C,G,C,G,cWW
0,1552,0,1569,G,U,G,U,cWW
0,1553,0,1568,C,G,C,G,cWW
0,1554,0,1567,U,A,U,A,cWW
0,1554,0,1631,U,A,U,A,cSS
0,1555,0,1566,G,C,G,C,cWW
0,1556,0,1565,G,C,G,C,cWW
0,1557,0,1564,G,C,G,C,cWW
0,1558,0,1563,C,G,C,G,cWW
0,1561,0,2739,U,A,U,A,cWW
0,1562,0,2738,C,G,C,G,cWW
0,1570,0,1627,C,G,C,G,cWW
0,1571,0,1626,G,A,G,A,tSH
0,1573,0,1623,A,C,A,C,tHS
0,1574,0,1622,C,G,C,G,cWW
0,1575,0,1621,C,G,C,G,cWW
0,1576,0,1620,G,C,G,C,cWW
0,1577,0,1619,U,G,U,G,cWW
0,1578,0,1618,C,G,C,G,cWW
0,1579,0,1616,C,A,C,A,tWH
0,1579,0,1618,C,G,C,G,cWW
0,1581,0,1614,A,G,A,G,tHS
0,1582,0,1613,C,C,C,C,cWW
0,1583,0,1612,U,A,U,A,cWW
0,1584,0,1611,C,G,C,G,cWW
0,1585,0,1610,C,G,C,G,cWW
0,1586,0,1609,G,C,G,C,cWW
0,1587,0,1608,U,G,U,G,cWW
0,1588,0,1607,G,A,G,A,tSH
0,1589,0,1606,G,A,G,A,tSH
0,1590,0,1605,A,G,A,G,tHS
0,1592,0,1602,G,C,G,C,cWW
0,1593,0,1601,C,G,C,G,cWW
0,1594,0,1600,C,G,C,G,cWW
0,1595,0,1599,G,U,G,U,tWH
0,1628,0,1633,G,C,G,C,cWW
0,1629,0,1632,G,A,G,A,tSH
0,1651,0,1655,C,G,C,G,cWW
0,1682,0,1696,A,U,A,U,tHW
0,1686,0,1695,C,G,C,G,cWW
0,1687,0,1694,C,G,C,G,cWW
0,1703,0,1715,G,C,G,C,cWW
0,1704,0,1714,G,C,G,C,cWW
0,1705,0,1713,C,G,C,G,cWW
0,1706,0,1712,G,A,G,A,tSH
0,1707,0,1711,G,A,G,A,tSH
0,1725,0,2050,C,G,C,G,cWW
0,1726,0,2049,G,C,G,C,cWW
0,1727,0,2048,G,C,G,C,cWW
0,1728,0,2047,G,C,G,C,cWW
0,1733,0,2046,A,G,A,G,tHS
0,1734,0,2045,C,G,C,G,cWW
0,1735,0,2044,C,G,C,G,cWW
0,1736,0,2043,A,U,A,U,cWW
0,1737,0,2042,A,U,A,U,cWW
0,1738,0,2041,C,G,C,G,cWW
0,1739,0,2040,G,C,G,C,cWW
0,1740,0,2039,U,A,U,A,cWW
0,1741,0,2038,U,A,U,A,cWW
0,1742,0,2033,A,G,A,G,tHH
0,1743,0,2036,G,C,G,C,cWW
0,1744,0,2035,G,C,G,C,cWW
0,1745,0,2034,G,U,G,U,tS
0,1746,0,2032,A,U,A,U,tHW
0,1747,0,2034,A,U,A,U,cWW
0,1752,0,2031,G,C,G,C,cWW
0,1758,0,1819,U,G,U,G,tSH
0,1760,0,1784,G,U,G,U,cWW
0,1761,0,1783,U,A,U,A,cWW
0,1762,0,1782,C,G,C,G,cWW
0,1763,0,1781,C,G,C,G,cWW
0,1764,0,1780,C,G,C,G,cWW
0,1765,0,1779,G,A,G,A,tSH
0,1766,0,1778,U,A,U,A,tSH
0,1768,0,1775,C,A,C,A,tHS
0,1769,0,1774,C,G,C,G,cWW
0,1771,0,1885,U,A,U,A,cWW
0,1785,0,1807,G,U,G,U,cWW
0,1786,0,1806,C,G,C,G,cWW
0,1787,0,1805,C,G,C,G,cWW
0,1788,0,1804,U,A,U,A,cWW
0,1789,0,1803,G,C,G,C,cWW
0,1790,0,1802,C,G,C,G,cWW
0,1791,0,1801,U,A,U,A,cWW
0,1792,0,1800,C,G,C,G,cWW
0,1793,0,1799,C,G,C,G,cWW
0,1794,0,1797,G,A,G,A,tSH
0,1805,0,2875,G,A,G,A,cSS
0,1808,0,1812,C,G,C,G,cWW
0,1810,0,2752,C,C,C,C,cWS
0,1813,0,1817,U,U,U,U,cWW
0,1813,0,1818,U,C,U,C,cWW
0,1820,0,2029,G,C,G,C,cWW
0,1821,0,2028,A,U,A,U,cWW
0,1822,0,2027,A,U,A,U,cWW
0,1823,0,2026,G,C,G,C,cWW
0,1824,0,2025,C,G,C,G,cWW
0,1825,0,2024,U,A,U,A,cWW
0,1826,0,2023,C,G,C,G,cWW
0,1827,0,2021,G,C,G,C,cWW
0,1828,0,2020,G,C,G,C,cWW
0,1829,0,1847,A,A,A,A,tHW
0,1830,0,1846,C,U,C,U,tHW
0,1832,0,1844,G,C,G,C,cWW
0,1833,0,1843,U,A,U,A,cWW
0,1834,0,1841,C,C,C,C,tWH
0,1839,0,2642,A,G,A,G,cSS
0,1847,0,1884,A,G,A,G,tHS
0,1848,0,1883,G,U,G,U,cWW
0,1849,0,1882,G,C,G,C,cWW
0,1850,0,1881,U,A,U,A,cWW
0,1851,0,1880,G,C,G,C,cWW
0,1852,0,1879,A,U,A,U,cWW
0,1853,0,1878,C,G,C,G,cWW
0,1854,0,1858,C,A,C,A,cSS
0,1854,0,1877,C,G,C,G,cWW
0,1857,0,2246,A,U,A,U,cWS
0,1859,0,1870,A,C,A,C,cWW
0,1860,0,1869,U,A,U,A,cWW
0,1861,0,1868,C,G,C,G,cWW
0,1862,0,1867,C,G,C,G,cWW
0,1863,0,1866,G,A,G,A,tSH
0,1885,0,2017,A,U,A,U,tHW
0,1886,0,2016,A,U,A,U,cWW
0,1887,0,2015,U,A,U,A,cWW
0,1888,0,2014,C,G,C,G,cWW
0,1889,0,2013,C,G,C,G,cWW
0,1891,0,1946,G,C,G,C,cWW
0,1892,0,1945,C,G,C,G,cWW
0,1893,0,1944,C,G,C,G,cWW
0,1894,0,1942,C,A,C,A,tWH
0,1896,0,1943,G,C,G,C,cWW
0,460,0,455,A,A,A,A,tHW
0,64,0,55,G,U,G,U,cWW
0,65,0,54,C,G,C,G,cWW
0,66,0,53,G,C,G,C,cWW
0,109,0,52,U,A,U,A,cWW
0,110,0,51,C,G,C,G,cWW
0,111,0,50,C,G,C,G,cWW
0,112,0,49,G,A,G,A,tSH
0,113,0,47,A,G,A,G,tHS
0,122,0,118,C,G,C,G,cWW
0,123,0,117,U,A,U,A,cWW
0,124,0,116,C,G,C,G,cWW
0,219,0,168,G,C,G,C,cWW
0,222,0,218,A,C,A,C,tHS
0,223,0,217,G,C,G,C,cWW
0,224,0,216,U,A,U,A,cWW
0,225,0,215,G,A,G,A,tSH
0,226,0,214,A,U,A,U,tHW
0,228,0,211,C,U,C,U,tHS
0,229,0,210,G,U,G,U,cWW
0,230,0,209,C,G,C,G,cWW
0,231,0,208,G,C,G,C,cWW
0,232,0,207,A,U,A,U,cWW
0,233,0,206,U,G,U,G,cWW
0,267,0,244,G,C,G,C,cWW
0,264,0,247,G,A,G,A,tSH
0,485,0,481,A,U,A,U,tHW
0,515,0,487,C,G,C,G,cWW
0,330,0,326,C,G,C,G,cWW
0,340,0,325,A,U,A,U,cWW
0,341,0,324,C,G,C,G,cWW
0,2444,0,423,U,A,U,A,cWW
0,2445,0,422,U,G,U,G,cWW
0,2446,0,421,G,C,G,C,cWW
0,2447,0,420,A,U,A,U,cWW
0,2448,0,419,U,A,U,A,cWW
0,2449,0,418,G,C,G,C,cWW
0,2450,0,2442,C,G,C,G,cWW
0,2451,0,2441,G,U,G,U,cWW
0,2452,0,2440,G,C,G,C,cWW
0,2453,0,2439,G,C,G,C,cWW
0,2454,0,2438,C,G,C,G,cWW
0,2455,0,2436,A,U,A,U,cWW
0,2456,0,2435,A,U,A,U,cWW
0,2457,0,2434,U,A,U,A,cWW
0,2458,0,2433,U,A,U,A,cWW
0,2459,0,2432,G,C,G,C,cWW
0,2460,0,2430,A,A,A,A,tWH
0,2461,0,2429,U,A,U,A,tWH
0,498,0,494,A,C,A,C,tHS
0,499,0,493,G,U,G,U,cWW
0,500,0,492,G,C,G,C,cWW
0,501,0,491,G,C,G,C,cWW
0,502,0,490,A,C,A,C,cWW
0,503,0,488,G,U,G,U,cWW
0,716,0,712,G,C,G,C,cWW
0,717,0,711,C,G,C,G,cWW
0,718,0,710,C,G,C,G,cWW
0,719,0,709,C,G,C,G,cWW
0,720,0,708,G,A,G,A,tSH
0,722,0,706,G,G,G,G,tHS
0,723,0,705,G,C,G,C,cWW
0,724,0,704,G,C,G,C,cWW
0,725,0,703,C,G,C,G,cWW
0,726,0,702,C,G,C,G,cWW
0,727,0,699,G,C,G,C,cWW
0,808,0,805,A,G,A,G,tHS
0,809,0,804,G,C,G,C,cWW
0,810,0,803,G,C,G,C,cWW
0,811,0,802,C,G,C,G,cWW
0,812,0,801,A,U,A,U,cWW
0,813,0,800,C,G,C,G,cWW
0,814,0,799,G,C,G,C,cWW
0,815,0,798,U,G,U,G,cWW
0,816,0,797,G,A,G,A,tSH
0,817,0,796,G,A,G,A,tSH
0,818,0,795,A,G,A,G,tHS
0,819,0,794,A,U,A,U,cWW
0,821,0,793,U,A,U,A,cWW
0,822,0,792,C,G,C,G,cWW
0,823,0,791,U,A,U,A,cWW
0,824,0,790,G,A,G,A,tSH
0,924,0,919,G,U,G,U,cWW
0,925,0,918,C,G,C,G,cWW
0,926,0,917,A,U,A,U,cWW
0,927,0,916,U,A,U,A,cWW
0,928,0,915,G,C,G,C,cWW
0,1058,0,1055,A,G,A,G,tHS
0,1060,0,1054,C,G,C,G,cWW
0,1061,0,1053,C,G,C,G,cWW
0,1062,0,1052,U,G,U,G,cWW
0,1063,0,1051,G,C,G,C,cWW
0,1064,0,1050,U,G,U,G,cWW
0,1065,0,1049,G,C,G,C,cWW
0,1066,0,1048,U,G,U,G,cWW
0,1067,0,1047,A,U,A,U,cWW
0,1068,0,1046,C,G,C,G,cWW
0,1069,0,1045,C,G,C,G,cWW
0,1070,0,914,A,A,A,A,tSH
0,1293,0,912,U,A,U,A,tWH
0,1294,0,911,A,G,A,G,tHS
0,1295,0,910,G,C,G,C,cWW
0,1296,0,909,A,U,A,U,cWW
0,1297,0,908,U,A,U,A,cWW
0,1298,0,907,U,A,U,A,cWW
0,1299,0,906,G,C,G,C,cWW
0,1300,0,905,G,C,G,C,cWW
0,1239,0,1104,G,C,G,C,cWW
0,1240,0,1103,G,C,G,C,cWW
0,1241,0,1102,G,C,G,C,cWW
0,1243,0,1121,C,G,C,G,cWW
0,1242,0,1122,A,U,A,U,cWW
0,1246,0,1116,A,U,A,U,tHW
0,1248,0,1115,A,U,A,U,cWW
0,1249,0,1114,U,A,U,A,cWW
0,1250,0,1113,C,G,C,G,cWW
0,1251,0,1112,C,G,C,G,cWW
0,1252,0,1111,A,U,A,U,cWW
0,1253,0,1110,C,G,C,G,cWW
0,1254,0,1108,C,G,C,G,cWW
0,1255,0,1101,A,U,A,U,cWW
0,1256,0,1100,C,G,C,G,cWW
0,1257,0,1099,C,G,C,G,cWW
0,1258,0,1098,G,A,G,A,tSH
0,1259,0,1096,A,U,A,U,tHW
0,1261,0,1095,A,U,A,U,cWW
0,1262,0,1094,C,G,C,G,cWW
0,1263,0,1093,C,G,C,G,cWW
0,1264,0,1092,U,A,U,A,cWW
0,1265,0,1091,G,U,G,U,cWW
0,1266,0,1090,U,A,U,A,cWW
0,1267,0,1089,C,G,C,G,cWW
0,1358,0,642,A,G,A,G,tHS
0,1360,0,641,C,G,C,G,cWW
0,1361,0,640,C,G,C,G,cWW
0,1362,0,639,U,A,U,A,cWW
0,1363,0,638,G,C,G,C,cWW
0,1364,0,637,G,C,G,C,cWW
0,1365,0,636,C,G,C,G,cWW
0,1678,0,1419,A,U,A,U,cWW
0,1435,0,1389,U,G,U,G,cWS
0,1392,0,1388,A,U,A,U,tHW
0,1395,0,1387,C,G,C,G,cWW
0,1396,0,1386,C,G,C,G,cWW
0,1397,0,1385,C,G,C,G,cWW
0,1398,0,1384,G,C,G,C,cWW
0,1399,0,1383,A,U,A,U,cWW
0,1400,0,1382,C,G,C,G,cWW
0,1504,0,1499,A,U,A,U,tHW
0,1507,0,1498,C,G,C,G,cWW
0,1508,0,1497,C,G,C,G,cWW
0,1509,0,1496,C,G,C,G,cWW
0,1510,0,1495,G,C,G,C,cWW
0,1511,0,1494,U,A,U,A,cWW
0,1512,0,1450,G,C,G,C,cWW
0,1513,0,1449,C,G,C,G,cWW
0,1563,0,1558,G,C,G,C,cWW
0,1564,0,1557,C,G,C,G,cWW
0,1565,0,1556,C,G,C,G,cWW
0,1566,0,1555,C,G,C,G,cWW
0,1567,0,1554,A,U,A,U,cWW
0,1568,0,1553,G,C,G,C,cWW
0,1569,0,1552,U,G,U,G,cWW
0,1634,0,1551,G,C,G,C,cWW
0,1635,0,1550,U,A,U,A,cWW
0,1636,0,1549,G,C,G,C,cWW
0,1637,0,1548,A,U,A,U,cWW
0,1638,0,1547,U,A,U,A,cWW
0,1639,0,1546,U,G,U,G,cWW
0,1702,0,1545,U,C,U,C,cWW
0,1641,0,1544,A,U,A,U,tHW
0,1642,0,1543,A,G,A,G,tHS
0,1643,0,1542,C,G,C,G,cWW
0,1644,0,1541,C,G,C,G,cWW
0,1645,0,1540,U,G,U,G,cWW
0,1646,0,1539,G,U,G,U,cWW
0,1647,0,1538,G,C,G,C,cWW
0,1648,0,1537,G,C,G,C,cWW
0,1649,0,1536,G,C,G,C,cWW
0,1650,0,1535,C,G,C,G,cWW
0,1616,0,1579,A,C,A,C,tHW
0,1618,0,1578,G,C,G,C,cWW
0,1619,0,1577,G,U,G,U,cWW
0,1620,0,1576,C,G,C,G,cWW
0,1621,0,1575,G,C,G,C,cWW
0,1622,0,1574,G,C,G,C,cWW
0,1623,0,1573,C,A,C,A,tSH
0,1626,0,1571,A,G,A,G,tHS
0,1627,0,1570,G,C,G,C,cWW
0,1774,0,1769,G,C,G,C,cWW
0,1775,0,1768,A,C,A,C,tSH
0,1778,0,1766,A,U,A,U,tHS
0,1779,0,1765,A,G,A,G,tHS
0,1780,0,1764,G,C,G,C,cWW
0,1781,0,1763,G,C,G,C,cWW
0,1782,0,1762,G,C,G,C,cWW
0,1783,0,1761,A,U,A,U,cWW
0,1784,0,1760,U,G,U,G,cWW
0,1797,0,1794,A,G,A,G,tHS
0,1799,0,1793,G,C,G,C,cWW
0,1800,0,1792,G,C,G,C,cWW
0,1801,0,1791,A,U,A,U,cWW
0,1802,0,1790,G,C,G,C,cWW
0,1803,0,1789,C,G,C,G,cWW
0,1804,0,1788,A,U,A,U,cWW
0,1805,0,1787,G,C,G,C,cWW
0,1806,0,1786,G,C,G,C,cWW
0,1807,0,1785,U,G,U,G,cWW
0,1841,0,1834,C,C,C,C,tHW
0,1843,0,1833,A,U,A,U,cWW
0,1844,0,1832,C,G,C,G,cWW
0,1885,0,1771,A,U,A,U,cWW
0,1912,0,1927,A,A,A,A,cWW
0,1913,0,1926,C,G,C,G,cWW
0,1914,0,1925,C,G,C,G,cWW
0,1915,0,1924,U,A,U,A,cWW
0,1916,0,1923,C,G,C,G,cWW
0,1917,0,1922,G,A,G,A,tSH
0,1918,0,1921,U,A,U,A,tSH
0,1931,0,1908,A,G,A,G,tHS
0,1932,0,1907,G,U,G,U,cWW
0,1933,0,1906,G,C,G,C,cWW
0,1934,0,1905,A,U,A,U,cWW
0,1935,0,1902,C,G,C,G,cWW
0,1936,0,1901,C,G,C,G,cWW
0,1937,0,1900,U,A,U,A,cWW
0,1938,0,1899,G,C,G,C,cWW
0,1939,0,1898,U,G,U,G,cWW
0,1942,0,1897,A,U,A,U,cWW
0,1943,0,1896,C,G,C,G,cWW
0,1944,0,1893,G,C,G,C,cWW
0,1945,0,1892,G,C,G,C,cWW
0,1946,0,1891,C,G,C,G,cWW
0,1972,0,2010,U,A,U,A,tWH
0,1973,0,2009,A,G,A,G,tHS
0,1974,0,2008,G,U,G,U,cWW
0,1975,0,2005,C,G,C,G,cWW
0,1964,0,1948,U,G,U,G,cWW
0,1965,0,1947,C,G,C,G,cWW
0,1984,0,1977,U,U,U,U,cWW
0,1986,0,2002,G,C,G,C,cWW
0,1987,0,2001,C,G,C,G,cWW
0,1988,0,2000,C,G,C,G,cWW
0,1989,0,1999,G,C,G,C,cWW
0,1990,0,1998,C,G,C,G,cWW
0,2063,0,2083,U,A,U,A,cWS
0,2064,0,2081,U,A,U,A,cWW
0,2065,0,2080,C,G,C,G,cWW
0,2066,0,2079,C,G,C,G,cWW
0,2067,0,2078,A,U,A,U,cWW
0,2068,0,2077,G,C,G,C,cWW
0,2071,0,625,C,U,C,U,cWW
0,632,0,623,A,U,A,U,cWW
0,633,0,622,C,G,C,G,cWW
0,634,0,621,G,C,G,C,cWW
0,635,0,620,A,A,A,A,cWW
0,2059,0,537,U,G,U,G,cWW
0,2060,0,2076,A,U,A,U,cWW
0,2061,0,2075,C,G,C,G,cWW
0,2084,0,2660,C,G,C,G,cWW
0,2085,0,2659,A,U,A,U,cWW
0,2086,0,2658,C,G,C,G,cWW
0,2087,0,2657,C,G,C,G,cWW
0,2088,0,2656,C,G,C,G,cWW
0,2089,0,2655,A,U,A,U,cWW
0,2090,0,2654,G,C,G,C,cWW
0,2091,0,2653,G,A,G,A,cWW
0,2093,0,2652,G,U,G,U,cWW
0,2094,0,2651,G,C,G,C,cWW
0,2095,0,2650,A,U,A,U,cWW
0,2097,0,2647,G,C,G,C,cWW
0,2098,0,2646,C,G,C,G,cWW
0,2239,0,2136,C,G,C,G,cWW
0,2240,0,2135,U,A,U,A,cWW
0,2241,0,2134,C,G,C,G,cWW
0,2242,0,2258,U,A,U,A,tWH
0,2244,0,2257,A,G,A,G,tHS
0,2245,0,2256,C,G,C,G,cWW
0,2246,0,2255,U,A,U,A,cWW
0,2247,0,2254,C,G,C,G,cWW
0,2248,0,2253,C,G,C,G,cWW
0,2249,0,2252,G,A,G,A,tSH
0,2261,0,2132,C,C,C,C,cWW
0,2262,0,2131,C,G,C,G,cWW
0,2263,0,2130,G,C,G,C,cWW
0,2264,0,2129,A,U,A,U,cWW
0,2265,0,2128,U,G,U,G,cWW
0,2266,0,2127,A,U,A,U,cWW
0,2267,0,2126,G,C,G,C,cWW
0,2268,0,2125,C,G,C,G,cWW
0,2269,0,2124,C,G,C,G,cWW
0,2270,0,2123,G,A,G,A,tSH
0,2272,0,2122,G,C,G,C,cWW
0,2273,0,2121,C,G,C,G,cWW
0,2274,0,2120,A,U,A,U,cWW
0,2275,0,2119,G,C,G,C,cWW
0,2276,0,2118,U,A,U,A,cWW
0,2470,0,2115,A,U,A,U,cWW
0,2471,0,2114,G,C,G,C,cWW
0,2472,0,2113,C,G,C,G,cWW
0,2473,0,2112,U,A,U,A,cWW
0,2476,0,2111,C,G,C,G,cWW
0,2477,0,2110,C,G,C,G,cWW
0,2478,0,2108,U,A,U,A,cWW
0,2479,0,2107,A,U,A,U,cWW
0,2480,0,2106,G,C,G,C,cWW
0,2481,0,2105,G,C,G,C,cWW
0,2485,0,2536,A,C,A,C,tHW
0,2486,0,2102,A,G,A,G,cWW
0,2487,0,2535,C,U,C,U,cWW
0,2488,0,2534,A,C,A,C,cWW
0,2489,0,2533,G,C,G,C,cWW
0,2490,0,2531,A,U,A,U,cWW
0,2491,0,2530,G,C,G,C,cWW
0,2492,0,2529,U,G,U,G,cWW
0,2494,0,2528,G,U,G,U,cWW
0,2495,0,2527,U,U,U,U,cWW
0,2496,0,2524,C,G,C,G,cWW
0,2497,0,2523,A,U,A,U,cWW
0,2498,0,2522,C,G,C,G,cWW
0,2499,0,2521,U,A,U,A,cWW
0,2500,0,2520,C,G,C,G,cWW
0,2501,0,2519,G,C,G,C,cWW
0,2502,0,2518,C,C,C,C,cWW
0,2503,0,2517,A,A,A,A,tSH
0,2504,0,2516,A,G,A,G,tHS
0,2505,0,2515,G,C,G,C,cWW
0,2506,0,2514,A,U,A,U,cWW
0,2507,0,2513,G,A,G,A,tSH
0,2279,0,2292,G,C,G,C,cWW
0,2280,0,2290,A,U,A,U,cWW
0,2281,0,2289,C,G,C,G,cWW
0,2309,0,2288,C,G,C,G,cWW
0,2308,0,2299,U,G,U,G,tHS
0,2310,0,2298,G,C,G,C,cWW
0,2311,0,2297,A,U,A,U,cWW
0,2312,0,2296,G,C,G,C,cWW
0,2313,0,2295,C,G,C,G,cWW
0,2314,0,2294,G,C,G,C,cWW
0,2315,0,2293,C,G,C,G,cWW
0,2316,0,2464,G,C,G,C,cWW
0,2323,0,2377,G,U,G,U,cWW
0,2324,0,2376,G,C,G,C,cWW
0,2325,0,2375,C,G,C,G,cWW
0,2326,0,2374,U,A,U,A,cWW
0,2327,0,2373,A,U,A,U,cWW
0,2328,0,2372,U,A,U,A,cWW
0,2329,0,2371,C,G,C,G,cWW
0,2330,0,2369,U,A,U,A,tWH
0,2331,0,2355,C,G,C,G,cWW
0,2332,0,2352,A,G,A,G,tHS
0,2333,0,2351,G,C,G,C,cWW
0,2334,0,2350,C,G,C,G,cWW
0,2335,0,2349,C,G,C,G,cWW
0,2336,0,2348,G,C,G,C,cWW
0,2337,0,2347,G,C,G,C,cWW
0,2338,0,2346,G,C,G,C,cWW
0,2357,0,2366,G,C,G,C,cWW
0,2358,0,2365,U,G,U,G,cWW
0,2422,0,2364,U,A,U,A,cWW
0,2423,0,2363,C,G,C,G,cWW
0,2424,0,2362,U,A,U,A,cWW
0,2398,0,2390,A,U,A,U,tHS
0,2399,0,2389,G,U,G,U,cWW
0,2400,0,2388,G,C,G,C,cWW
0,2401,0,2387,A,U,A,U,cWW
0,2402,0,2386,A,U,A,U,cWW
0,2403,0,2385,C,G,C,G,cWW
0,2404,0,2384,G,U,G,U,cWW
0,2405,0,2383,C,G,C,G,cWW
0,2406,0,2382,U,A,U,A,cWW
0,2407,0,2381,G,C,G,C,cWW
0,2409,0,2418,C,G,C,G,cWW
0,2410,0,2417,G,C,G,C,cWW
0,2411,0,2416,C,G,C,G,cWW
0,2412,0,2415,G,A,G,A,tSH
0,2420,0,2319,G,C,G,C,cWW
0,2421,0,2318,G,C,G,C,cWW
0,2359,0,2317,G,C,G,C,cWW
0,2360,0,2426,C,G,C,G,cWW
0,2541,0,2618,U,G,U,G,cWW
0,2542,0,2617,C,G,C,G,cWW
0,2543,0,2615,G,U,G,U,cWW
0,2544,0,2614,G,C,G,C,cWW
0,2545,0,2613,U,G,U,G,cWW
0,2546,0,2610,U,U,U,U,cWW
0,2547,0,2609,C,G,C,G,cWW
0,2548,0,2606,C,G,C,G,cWW
0,2549,0,2605,C,G,C,G,cWW
0,2550,0,2604,U,A,U,A,cWW
0,2551,0,2603,C,G,C,G,cWW
0,2552,0,2602,C,G,C,G,cWW
0,2555,0,2580,C,G,C,G,cWW
0,2556,0,2579,C,G,C,G,cWW
0,2557,0,2578,U,G,U,G,cWW
0,2800,0,2576,A,A,A,A,cWS
0,2558,0,2575,G,C,G,C,cWW
0,2559,0,2574,C,G,C,G,cWW
0,2560,0,2573,C,G,C,G,cWW
0,2561,0,2572,C,G,C,G,cWW
0,2562,0,2571,G,C,G,C,cWW
0,2563,0,2570,U,G,U,G,cWW
0,2591,0,1996,C,U,C,U,cW
0,2592,0,2586,G,U,G,U,cWW
0,2593,0,2585,C,G,C,G,cWW
0,2594,0,2584,C,G,C,G,cWW
0,2595,0,2583,U,A,U,A,cWW
0,2596,0,2582,A,G,A,G,cWW
0,2597,0,2601,U,A,U,A,tWH
0,2622,0,2643,A,G,A,G,tHS
0,2623,0,2641,G,C,G,C,cWW
0,2624,0,2640,A,U,A,U,cWW
0,2625,0,2639,C,G,C,G,cWW
0,2626,0,2638,C,G,C,G,cWW
0,2627,0,2636,G,C,G,C,cWW
0,2628,0,2635,U,A,U,A,cWW
0,2629,0,2634,C,G,C,G,cWW
0,2630,0,2633,G,A,G,A,tSH
0,2667,0,2822,G,C,G,C,cWW
0,2668,0,2821,G,C,G,C,cWW
0,2669,0,2820,U,A,U,A,cWW
0,2670,0,2819,G,C,G,C,cWW
0,2671,0,2818,U,A,U,A,cWW
0,2672,0,2817,C,G,C,G,cWW
0,2673,0,2811,U,A,U,A,tWH
0,2674,0,2813,G,A,G,A,tSH
0,2675,0,2810,A,G,A,G,tHS
0,2676,0,2809,C,G,C,G,cWW
0,2677,0,2808,A,U,A,U,cWW
0,2678,0,2807,A,U,A,U,cWW
0,2679,0,2806,G,C,G,C,cWW
0,2769,0,2805,C,A,C,A,tWS
0,2770,0,2804,G,C,G,C,cWW
0,2771,0,2803,G,C,G,C,cWW
0,2772,0,2802,G,C,G,C,cWW
0,2773,0,2801,G,A,G,A,cWW
0,2774,0,2799,U,A,U,A,tWH
0,2776,0,2798,A,G,A,G,tHS
0,2777,0,2797,G,C,G,C,cWW
0,2778,0,2796,A,U,A,U,cWW
0,2779,0,2795,G,C,G,C,cWW
0,2780,0,2794,C,G,C,G,cWW
0,2782,0,2792,G,A,G,A,tSH
0,2783,0,2789,A,U,A,U,tHW
0,2784,0,2788,A,A,A,A,tHW
0,2700,0,2695,G,C,G,C,cWW
0,2701,0,2694,G,A,G,A,tSH
0,2702,0,2693,A,U,A,U,tHW
0,2704,0,2690,C,U,C,U,tHS
0,2705,0,2689,U,A,U,A,cWW
0,2706,0,2688,A,U,A,U,cWW
0,2707,0,2687,C,G,C,G,cWW
0,2708,0,2686,G,C,G,C,cWW
0,2709,0,2685,G,C,G,C,cWW
0,2710,0,2684,U,A,U,A,cWW
0,2711,0,2683,U,G,U,G,cWW
0,2712,0,2682,G,C,G,C,cWW
0,2713,0,2767,G,C,G,C,cWW
0,2714,0,2766,U,A,U,A,cWW
0,2715,0,2765,G,C,G,C,cWW
0,2716,0,2764,G,C,G,C,cWW
0,2717,0,2763,C,G,C,G,cWW
0,2721,0,2761,U,A,U,A,cWW
0,2722,0,2760,G,C,G,C,cWW
0,2723,0,2759,G,C,G,C,cWW
0,2724,0,2758,U,G,U,G,cWW
0,2725,0,2757,G,A,G,A,tSH
0,2896,0,2756,A,U,A,U,cWW
0,2727,0,2755,A,G,A,G,tHS
0,2728,0,2754,C,G,C,G,cWW
0,2729,0,2753,C,G,C,G,cWW
0,2730,0,2752,G,C,G,C,cWW
0,2731,0,2751,G,C,G,C,cWW
0,2732,0,2750,U,G,U,G,cWW
0,2733,0,2746,U,A,U,A,cWW
0,2734,0,2745,G,C,G,C,cWW
0,2735,0,2744,U,G,U,G,cWW
0,2736,0,2743,U,A,U,A,cWW
0,2737,0,2742,C,G,C,G,cWW
0,2826,0,2914,G,A,G,A,tSH
0,2827,0,2913,A,A,A,A,tHS
0,2828,0,2912,G,C,G,C,cWW
0,2829,0,2911,G,C,G,C,cWW
0,2830,0,2910,U,A,U,A,cWW
0,2831,0,2909,C,G,C,G,cWW
0,2832,0,2848,C,G,C,G,cWW
0,2833,0,2847,C,G,C,G,cWW
0,2834,0,2846,G,C,G,C,cWW
0,2835,0,2845,C,G,C,G,cWW
0,2836,0,2844,G,C,G,C,cWW
0,2838,0,2843,A,A,A,A,cSW
0,2851,0,2906,G,A,G,A,tSH
0,2853,0,2905,U,A,U,A,cWW
0,2854,0,2904,A,U,A,U,cWW
0,2855,0,2903,G,C,G,C,cWW
0,2856,0,2901,A,C,A,C,cWW
0,2857,0,2900,C,G,C,G,cWW
0,2858,0,2899,U,A,U,A,cWW
0,2859,0,2898,C,G,C,G,cWW
0,2860,0,2897,G,C,G,C,cWW
0,2861,0,2895,G,C,G,C,cWW
0,2862,0,2894,G,C,G,C,cWW
0,2863,0,2893,G,C,G,C,cWW
0,2864,0,2892,U,G,U,G,cWW
0,2865,0,2891,G,A,G,A,tSH
0,2869,0,2888,G,U,G,U,cWW
0,2870,0,2887,C,G,C,G,cWW
0,2871,0,2886,G,C,G,C,cWW
0,2872,0,2885,U,A,U,A,cWW
0,2873,0,2884,C,G,C,G,cWW
0,2874,0,2883,G,A,G,A,tSH
0,2875,0,2882,A,G,A,G,tHS
0,2876,0,2881,G,C,G,C,cWW
0,2877,0,2880,G,A,G,A,tSH
9,4,9,119,G,C,G,C,cWW
9,5,9,118,G,C,G,C,cWW
9,6,9,117,C,G,C,G,cWW
9,7,9,116,G,C,G,C,cWW
9,8,9,115,G,C,G,C,cWW
9,9,9,114,C,G,C,G,cWW
9,27,9,55,C,U,C,U,cWW
9,28,9,54,U,A,U,A,cWW
9,29,9,53,C,G,C,G,cWW
9,30,9,50,C,G,C,G,cWW
9,31,9,49,C,G,C,G,cWW
9,32,9,48,G,C,G,C,cWW
9,33,9,47,U,A,U,A,cWW
9,37,9,43,C,G,C,G,cWW
9,38,9,45,A,A,A,A,cSW
9,39,9,44,U,A,U,A,tSH
9,59,9,21,C,G,C,G,cWW
9,60,9,20,C,G,C,G,cWW
9,61,9,19,C,G,C,G,cWW
9,62,9,18,A,U,A,U,cWW
9,63,9,17,C,G,C,G,cWW
9,64,9,16,C,G,C,G,cWW
9,66,9,15,G,C,G,C,cWW
9,67,9,14,C,G,C,G,cWW
9,69,9,112,U,U,U,U,cWW
9,70,9,111,U,U,U,U,cWW
9,71,9,110,C,G,C,G,cWW
9,72,9,109,C,G,C,G,cWW
9,73,9,108,G,C,G,C,cWW
9,74,9,107,G,C,G,C,cWW
9,75,9,106,G,C,G,C,cWW
9,76,9,105,G,A,G,A,tSH
9,79,9,103,U,A,U,A,tWH
9,80,9,102,A,G,A,G,tHS
9,81,9,101,C,G,C,G,cWW
9,82,9,100,U,G,U,G,cWW
9,83,9,99,G,U,G,U,cWW
9,84,9,98,G,C,G,C,cWW
9,85,9,97,A,U,A,U,cWW
9,86,9,96,G,C,G,C,cWW
9,88,9,95,G,C,G,C,cWW
9,89,9,94,C,G,C,G,cWW
9,90,9,93,G,A,G,A,tSH
0,1897,0,1942,U,A,U,A,cWW
0,1898,0,1939,G,U,G,U,cWW
0,1899,0,1938,C,G,C,G,cWW
0,1900,0,1937,A,U,A,U,cWW
0,1901,0,1936,G,C,G,C,cWW
0,1902,0,1935,G,C,G,C,cWW
0,1905,0,1934,U,A,U,A,cWW
0,1906,0,1933,C,G,C,G,cWW
0,1907,0,1932,U,G,U,G,cWW
0,1947,0,1965,G,C,G,C,cWW
0,1948,0,1964,G,U,G,U,cWW
0,2105,0,2481,C,G,C,G,cWW
0,2106,0,2480,C,G,C,G,cWW
0,2107,0,2479,U,A,U,A,cWW
0,2108,0,2478,A,U,A,U,cWW
0,2110,0,2477,G,C,G,C,cWW
0,2111,0,2476,G,C,G,C,cWW
0,2112,0,2473,A,U,A,U,cWW
0,2113,0,2472,G,C,G,C,cWW
0,2114,0,2471,C,G,C,G,cWW
0,2115,0,2470,U,A,U,A,cWW
0,2118,0,2276,A,U,A,U,cWW
0,2119,0,2275,C,G,C,G,cWW
0,2120,0,2274,U,A,U,A,cWW
0,2121,0,2273,G,C,G,C,cWW
0,2122,0,2272,C,G,C,G,cWW
0,2124,0,2269,G,C,G,C,cWW
0,2125,0,2268,G,C,G,C,cWW
0,2126,0,2267,C,G,C,G,cWW
0,2127,0,2266,U,A,U,A,cWW
0,2128,0,2265,G,U,G,U,cWW
0,2129,0,2264,U,A,U,A,cWW
0,2130,0,2263,C,G,C,G,cWW
0,2131,0,2262,G,C,G,C,cWW
0,2134,0,2241,G,C,G,C,cWW
0,2135,0,2240,A,U,A,U,cWW
0,2136,0,2239,G,C,G,C,cWW
0,2293,0,2315,G,C,G,C,cWW
0,2294,0,2314,C,G,C,G,cWW
0,2295,0,2313,G,C,G,C,cWW
0,2296,0,2312,C,G,C,G,cWW
0,2297,0,2311,U,A,U,A,cWW
0,2298,0,2310,C,G,C,G,cWW
0,2318,0,2421,C,G,C,G,cWW
0,2319,0,2420,C,G,C,G,cWW
0,2362,0,2424,A,U,A,U,cWW
0,2363,0,2423,G,C,G,C,cWW
0,2364,0,2422,A,U,A,U,cWW
0,2381,0,2407,C,G,C,G,cWW
0,2382,0,2406,A,U,A,U,cWW
0,2383,0,2405,G,C,G,C,cWW
0,2384,0,2404,U,G,U,G,cWW
0,2385,0,2403,G,C,G,C,cWW
0,2386,0,2402,U,A,U,A,cWW
0,2387,0,2401,U,A,U,A,cWW
0,2388,0,2400,C,G,C,G,cWW
0,2389,0,2399,U,G,U,G,cWW
0,2432,0,2459,C,G,C,G,cWW
0,2433,0,2458,A,U,A,U,cWW
0,2434,0,2457,A,U,A,U,cWW
0,2435,0,2456,U,A,U,A,cWW
0,2436,0,2455,U,A,U,A,cWW
0,2438,0,2454,G,C,G,C,cWW
0,2439,0,2453,C,G,C,G,cWW
0,2440,0,2452,C,G,C,G,cWW
0,2441,0,2451,U,G,U,G,cWW
0,2442,0,2450,G,C,G,C,cWW
0,2583,0,2595,A,U,A,U,cWW
0,2584,0,2594,G,C,G,C,cWW
0,2585,0,2593,G,C,G,C,cWW
0,2682,0,2712,C,G,C,G,cWW
0,2683,0,2711,G,U,G,U,cWW
0,2684,0,2710,A,U,A,U,cWW
0,2685,0,2709,C,G,C,G,cWW
0,2686,0,2708,C,G,C,G,cWW
0,2687,0,2707,G,C,G,C,cWW
0,2688,0,2706,U,A,U,A,cWW
0,2689,0,2705,A,U,A,U,cWW
9,14,9,67,G,C,G,C,cWW
9,15,9,66,C,G,C,G,cWW
9,16,9,64,G,C,G,C,cWW
9,17,9,63,G,C,G,C,cWW
9,18,9,62,U,A,U,A,cWW
9,19,9,61,G,C,G,C,cWW
9,20,9,60,G,C,G,C,cWW
9,21,9,59,G,C,G,C,cWW
