chain1,pos1,nt1,chain2,pos2,nt2,bp1,bp2,label
0,12,U,0,531,G,U,G,tHS
0,13,G,0,530,C,G,C,cWW
0,14,C,0,529,G,C,G,cWW
0,15,C,0,528,G,C,G,cWW
0,16,A,0,527,U,A,U,cWW
0,17,G,0,526,U,G,U,cWW
0,18,C,0,525,G,C,G,cWW
0,19,U,0,524,A,U,A,cWW
0,20,G,0,523,C,G,C,cWW
0,21,G,0,522,U,G,U,cWW
0,22,U,0,521,A,U,A,tWH
0,23,G,0,520,A,G,A,tSH
0,24,G,0,519,A,G,A,tSH
0,25,A,0,518,G,A,G,tHS
0,26,U,0,517,U,U,U,cWW
0,27,U,0,516,A,U,A,cWW
0,28,G,0,480,C,G,C,cWW
0,29,C,0,479,G,C,G,cWW
0,30,U,0,453,A,U,A,tWH
0,32,G,0,451,C,G,C,cWW
0,33,G,0,450,C,G,C,cWW
0,34,C,0,448,G,C,G,cWW
0,35,U,0,447,A,U,A,cWW
0,36,C,0,446,G,C,G,cWW
0,36,C,0,674,A,C,A,cSW
0,37,A,0,445,U,A,U,cWW
0,38,G,0,444,C,G,C,cWW
0,39,G,0,443,C,G,C,cWW
0,40,C,0,441,A,C,A,cWW
0,40,C,0,442,A,C,A,cWW
0,41,G,0,440,C,G,C,cWW
0,42,C,0,149,G,C,G,cWW
0,43,U,0,148,A,U,A,cWW
0,44,G,0,45,A,G,A,cSW
0,47,G,0,113,A,G,A,tSH
0,49,A,0,112,G,A,G,tHS
0,50,G,0,111,C,G,C,cWW
0,51,G,0,110,C,G,C,cWW
0,52,A,0,109,U,A,U,cWW
0,53,C,0,66,G,C,G,cWW
0,54,G,0,65,C,G,C,cWW
0,55,U,0,64,G,U,G,cWW
0,56,G,0,62,C,G,C,cW.
0,57,C,0,89,G,C,G,cWW
0,58,C,0,88,G,C,G,cWW
0,59,A,0,85,C,A,C,tW.
0,61,G,0,85,C,G,C,cWW
0,62,C,0,84,G,C,G,cWW
0,66,G,0,67,A,G,A,cSW
0,71,G,0,106,A,G,A,cWW
0,72,C,0,105,G,C,G,cWW
0,73,C,0,104,G,C,G,cWW
0,74,A,0,103,U,A,U,cWW
0,75,U,0,102,A,U,A,cWW
0,76,G,0,101,C,G,C,cWW
0,77,G,0,100,C,G,C,cWW
0,78,G,0,99,A,G,A,tSH
0,79,G,0,98,A,G,A,tSH
0,80,A,0,97,G,A,G,tHS
0,81,G,0,93,C,G,C,cWW
0,82,C,0,92,G,C,G,cWW
0,83,C,0,91,G,C,G,cWW
0,116,G,0,124,C,G,C,cWW
0,117,A,0,123,U,A,U,cWW
0,118,G,0,122,C,G,C,cWW
0,125,U,0,129,A,U,A,cWW
0,130,C,0,144,A,C,A,tWH
0,130,C,0,145,A,C,A,tWH
0,132,A,0,146,U,A,U,cWW
0,133,U,0,145,A,U,A,cWW
0,134,U,0,141,C,U,C,t.W
0,134,U,0,144,A,U,A,cWW
0,135,G,0,143,C,G,C,cWW
0,136,C,0,142,G,C,G,cWW
0,152,A,0,185,G,A,G,cWW
0,152,A,0,440,C,A,C,cSS
0,153,C,0,184,G,C,G,cWW
0,153,C,0,439,A,C,A,cSS
0,154,C,0,182,G,C,G,cWW
0,155,C,0,181,G,C,G,cWW
0,156,C,0,180,G,C,G,cWW
0,157,G,0,179,C,G,C,cWW
0,157,G,0,1470,A,G,A,cSW
0,158,A,0,178,U,A,U,cWW
0,159,G,0,177,A,G,A,tSH
0,160,A,0,176,U,A,U,tHW
0,162,C,0,173,C,C,C,tH.
0,162,C,0,893,C,C,C,t.H
0,163,U,0,172,U,U,U,cWW
0,164,G,0,171,C,G,C,cWW
0,164,G,0,222,A,G,A,cSS
0,165,A,0,170,U,A,U,tWH
0,165,A,0,221,G,A,G,cSW
0,168,C,0,219,G,C,G,cWW
0,190,G,0,204,A,G,A,cSW
0,190,G,0,435,A,G,A,tWH
0,191,A,0,236,A,A,A,cWS
0,191,A,0,434,U,A,U,tHW
0,192,A,0,203,G,A,G,tHS
0,194,A,0,202,U,A,U,cWW
0,195,C,0,201,G,C,G,cWW
0,196,G,0,199,A,G,A,tSH
0,196,G,0,425,U,G,U,cWS
0,206,G,0,233,U,G,U,cWW
0,207,U,0,232,A,U,A,cWW
0,208,C,0,231,G,C,G,cWW
0,209,G,0,230,C,G,C,cWW
0,210,U,0,229,G,U,G,cWW
0,211,U,0,228,C,U,C,tSH
0,214,U,0,226,A,U,A,tWH
0,215,A,0,225,G,A,G,tHS
0,216,A,0,224,U,A,U,cWW
0,217,C,0,223,G,C,G,cWW
0,218,C,0,222,A,C,A,tSH
0,234,A,0,436,A,A,A,cSS
0,237,G,0,433,C,G,C,cWW
0,238,C,0,432,G,C,G,cWW
0,239,C,0,431,G,C,G,cWW
0,240,C,0,379,G,C,G,cWW
0,241,A,0,270,U,A,U,tHW
0,242,A,0,269,G,A,G,tHS
0,242,A,0,377,C,A,C,cSS
0,244,C,0,267,G,C,G,cWW
0,245,C,0,266,G,C,G,cWW
0,246,G,0,265,U,G,U,tSW
0,247,A,0,264,G,A,G,tHS
0,248,A,0,265,U,A,U,cWW
0,249,G,0,260,C,G,C,cWW
0,250,C,0,259,G,C,G,cWW
0,251,C,0,258,G,C,G,cWW
0,252,C,0,257,G,C,G,cWW
0,253,U,0,256,C,U,C,tSH
0,273,G,0,377,C,G,C,cWW
0,274,G,0,376,C,G,C,cWW
0,275,G,0,374,U,G,U,cWW
0,276,C,0,373,G,C,G,cWW
0,277,U,0,372,A,U,A,cWW
0,278,A,0,371,U,A,U,cWW
0,279,C,0,370,G,C,G,cWW
0,280,C,0,369,G,C,G,cWW
0,281,U,0,368,C,U,C,tW.
0,282,C,0,368,C,C,C,tSH
0,284,C,0,367,G,C,G,cWW
0,285,A,0,367,G,A,G,tHS
0,286,U,0,366,U,U,U,cWW
0,287,C,0,365,G,C,G,cWW
0,288,A,0,364,C,A,C,cWW
0,289,G,0,363,A,G,A,cWW
0,290,C,0,362,G,C,G,cWW
0,291,C,0,361,C,C,C,cWW
0,292,G,0,360,A,G,A,tSH
0,293,A,0,359,U,A,U,tHW
0,295,C,0,356,C,C,C,cWW
0,296,G,0,355,C,G,C,cWW
0,297,U,0,354,A,U,A,cWW
0,298,C,0,353,G,C,G,cWW
0,299,U,0,352,A,U,A,cWW
0,300,C,0,351,G,C,G,cWW
0,301,G,0,350,C,G,C,cWW
0,302,A,0,349,U,A,U,cWW
0,303,C,0,348,C,C,C,cWW
0,304,G,0,347,A,G,A,tSH
0,305,A,0,345,G,A,G,cHW
0,306,A,0,345,G,A,G,--
0,307,G,0,323,C,G,C,cWW
0,308,U,0,339,A,U,A,cWW
0,309,C,0,322,G,C,G,cWW
0,310,U,0,321,A,U,A,cWW
0,311,C,0,320,G,C,G,cWW
0,312,U,0,319,A,U,A,cWW
0,313,U,0,317,A,U,A,tWH
0,324,G,0,341,C,G,C,cWW
0,325,U,0,340,A,U,A,cWW
0,326,G,0,330,C,G,C,cWW
0,329,A,0,346,U,A,U,cSW
0,331,A,0,345,G,A,G,tHS
0,332,G,0,344,C,G,C,cWW
0,333,G,0,343,C,G,C,cWW
0,334,G,0,342,C,G,C,cWW
0,335,U,0,339,A,U,A,tWH
0,382,U,0,407,A,U,A,tWH
0,383,A,0,406,G,A,G,tHS
0,384,G,0,405,C,G,C,cWW
0,385,C,0,404,G,C,G,cWW
0,386,G,0,403,C,G,C,cWW
0,387,G,0,402,U,G,U,cWW
0,388,G,0,401,C,G,C,cWW
0,389,G,0,400,C,G,C,cWW
0,390,G,0,399,C,G,C,cWW
0,391,U,0,398,U,U,U,cWW
0,393,G,0,417,G,G,G,cWW
0,394,G,0,417,G,G,G,cSW
0,412,C,0,428,G,C,G,cWW
0,413,G,0,427,C,G,C,cWW
0,414,C,0,426,G,C,G,cWW
0,415,A,0,425,U,A,U,cWW
0,416,G,0,424,C,G,C,cWW
0,418,C,0,2449,G,C,G,cWW
0,419,A,0,1920,C,A,C,cSW
0,419,A,0,2448,U,A,U,cWW
0,420,U,0,2447,A,U,A,cWW
0,421,C,0,2446,G,C,G,cWW
0,422,G,0,2445,U,G,U,cWW
0,423,A,0,2444,U,A,U,cWW
0,451,C,0,455,A,C,A,cSW
0,454,U,0,1362,U,U,U,cWS
0,455,A,0,460,A,A,A,tWH
0,465,U,0,476,A,U,A,tWH
0,466,A,0,475,G,A,G,tHS
0,467,G,0,474,C,G,C,cWW
0,468,U,0,473,A,U,A,cWW
0,469,G,0,472,A,G,A,tSH
0,471,G,0,774,C,G,C,cSS
0,481,U,0,485,A,U,A,tWH
0,482,G,0,486,A,G,A,tSH
0,487,G,0,515,C,G,C,cWW
0,488,U,0,503,G,U,G,cWW
0,489,A,0,503,G,A,G,tHS
0,490,C,0,502,A,C,A,cWW
0,491,C,0,501,G,C,G,cWW
0,492,C,0,500,G,C,G,cWW
0,493,U,0,499,G,U,G,cWW
0,494,C,0,498,A,C,A,tSH
0,504,G,0,512,G,G,G,tWH
0,505,C,0,509,A,C,A,tWH
0,506,G,0,511,A,G,A,tSH
0,520,A,0,638,C,A,C,cSS
0,535,G,0,2082,G,G,G,tHW
0,537,G,0,2059,U,G,U,cWW
0,538,C,0,2060,A,C,A,cWS
0,539,G,0,617,C,G,C,cWW
0,540,A,0,616,U,A,U,cWW
0,541,C,0,615,G,C,G,cWW
0,542,A,0,614,U,A,U,cWW
0,543,G,0,613,C,G,C,cWW
0,544,G,0,612,U,G,U,cWW
0,545,G,0,611,U,G,U,cWW
0,546,C,0,610,G,C,G,cWW
0,547,A,0,609,U,A,U,cWW
0,548,U,0,608,A,U,A,cWW
0,553,G,0,606,C,G,C,cWW
0,554,G,0,605,C,G,C,cWW
0,555,U,0,602,A,U,A,cWW
0,556,C,0,601,G,C,G,cWW
0,557,C,0,600,G,C,G,cWW
0,558,C,0,599,G,C,G,cWW
0,559,U,0,598,C,U,C,cWW
0,560,C,0,597,A,C,A,cWW
0,561,G,0,596,C,G,C,cWW
0,562,A,0,595,U,A,U,cWW
0,563,C,0,594,C,C,C,cWW
0,565,A,0,1264,U,A,U,cSS
0,566,A,0,592,G,A,G,tHS
0,567,U,0,591,A,U,A,cWW
0,568,G,0,590,A,G,A,tSH
0,569,A,0,589,U,A,U,tHW
0,571,C,0,586,C,C,C,cWW
0,572,G,0,585,C,G,C,cWW
0,573,A,0,584,U,A,U,cWW
0,574,C,0,583,G,C,G,cWW
0,575,G,0,582,C,G,C,cWW
0,576,C,0,581,G,C,G,cWW
0,577,G,0,580,A,G,A,tSH
0,579,G,0,1111,U,G,U,cSS
0,580,A,0,1110,G,A,G,cSS
0,619,U,0,2074,A,U,A,cWW
0,620,A,0,635,A,A,A,cWW
0,621,C,0,634,G,C,G,cWW
0,622,G,0,633,C,G,C,cWW
0,623,U,0,632,A,U,A,cWW
0,625,U,0,2071,C,U,C,cWW
0,626,U,0,1081,A,U,A,cSW
0,634,G,0,1357,A,G,A,cSS
0,636,G,0,1365,C,G,C,cWW
0,637,C,0,1364,G,C,G,cWW
0,638,C,0,1363,G,C,G,cWW
0,639,A,0,1362,U,A,U,cWW
0,640,G,0,1361,C,G,C,cWW
0,641,G,0,1360,C,G,C,cWW
0,642,G,0,1358,A,G,A,tSH
0,644,G,0,903,U,G,U,cWW
0,646,G,0,759,C,G,C,cWW
0,647,U,0,758,A,U,A,cWW
0,648,G,0,757,C,G,C,cWW
0,649,U,0,756,A,U,A,cWW
0,650,C,0,755,G,C,G,cWW
0,651,U,0,754,G,U,G,cWW
0,652,G,0,753,U,G,U,cWW
0,653,C,0,752,G,C,G,cWW
0,654,A,0,751,U,A,U,cWW
0,655,U,0,750,A,U,A,cWW
0,656,G,0,749,C,G,C,cWW
0,657,G,0,748,C,G,C,cWW
0,658,C,0,747,G,C,G,cWW
0,661,G,0,685,C,G,C,cWW
0,662,U,0,684,G,U,G,cWW
0,663,C,0,683,G,C,G,cWW
0,664,U,0,682,A,U,A,tWH
0,666,A,0,680,G,A,G,tHS
0,667,C,0,679,G,C,G,cWW
0,668,C,0,678,G,C,G,cWW
0,669,G,0,677,C,G,C,cWW
0,670,G,0,676,C,G,C,cWW
0,689,G,0,696,C,G,C,cWW
0,690,G,0,695,C,G,C,cWW
0,691,G,0,694,A,G,A,tSH
0,692,A,0,2453,G,A,G,cWS
0,699,C,0,727,G,C,G,cWW
0,702,G,0,726,C,G,C,cWW
0,703,G,0,725,C,G,C,cWW
0,704,C,0,724,G,C,G,cWW
0,705,C,0,723,G,C,G,cWW
0,706,G,0,722,G,G,G,tSH
0,707,C,0,721,A,C,A,tWH
0,708,A,0,720,G,A,G,tHS
0,709,G,0,719,C,G,C,cWW
0,710,G,0,718,C,G,C,cWW
0,711,G,0,717,C,G,C,cWW
0,712,C,0,716,G,C,G,cWW
0,726,C,0,744,G,C,G,c.W
0,728,C,0,743,G,C,G,cWW
0,729,C,0,742,G,C,G,cWW
0,730,G,0,741,C,G,C,cWW
0,731,U,0,740,G,U,G,cWW
0,732,C,0,739,G,C,G,cWW
0,733,U,0,738,G,U,G,cWW
0,762,C,0,902,G,C,G,cWW
0,763,C,0,901,G,C,G,cWW
0,764,C,0,900,U,C,U,cWW
0,765,G,0,899,C,G,C,cWW
0,766,A,0,896,C,A,C,tHW
0,766,A,0,2478,U,A,U,cSS
0,767,A,0,895,A,A,A,tHW
0,769,C,0,892,G,C,G,cWW
0,770,C,0,891,G,C,G,cWW
0,771,G,0,890,C,G,C,cWW
0,772,G,0,889,C,G,C,cWW
0,773,A,0,888,U,A,U,cWW
0,774,C,0,887,G,C,G,cWW
0,775,G,0,868,G,G,G,tWH
0,778,C,0,1836,A,C,A,cSW
0,780,A,0,866,U,A,U,cWW
0,781,C,0,865,G,C,G,cWW
0,782,G,0,864,U,G,U,cWW
0,783,C,0,863,G,C,G,cWW
0,784,A,0,862,U,A,U,cWW
0,784,A,0,1458,A,A,A,cSS
0,785,U,0,861,A,U,A,cWW
0,786,G,0,860,U,G,U,cWW
0,787,G,0,859,C,G,C,cWW
0,788,A,0,858,U,A,U,cWW
0,789,C,0,856,G,C,G,cWW
0,790,A,0,824,G,A,G,tHS
0,790,A,0,1709,G,A,G,cWS
0,791,A,0,823,U,A,U,cWW
0,792,G,0,822,C,G,C,cWW
0,793,A,0,821,U,A,U,cWW
0,794,U,0,819,A,U,A,cWW
0,795,G,0,818,A,G,A,tSH
0,796,A,0,817,G,A,G,tHS
0,797,A,0,816,G,A,G,tHS
0,798,G,0,815,U,G,U,cWW
0,799,C,0,814,G,C,G,cWW
0,800,G,0,813,C,G,C,cWW
0,801,U,0,812,A,U,A,cWW
0,802,G,0,811,C,G,C,cWW
0,803,C,0,810,G,C,G,cWW
0,804,C,0,809,G,C,G,cWW
0,805,G,0,808,A,G,A,tSH
0,820,G,0,1830,C,G,C,cWW
0,827,A,0,854,G,A,G,tHS
0,828,G,0,853,C,G,C,cWW
0,829,A,0,852,U,A,U,cWW
0,830,G,0,851,C,G,C,cWW
0,832,U,0,850,U,U,U,cWW
0,833,G,0,849,C,G,C,cWW
0,834,G,0,848,C,G,C,cWW
0,836,G,0,847,C,G,C,cWW
0,837,U,0,846,A,U,A,cWW
0,840,U,0,2055,A,U,A,cWS
0,842,C,0,846,A,C,A,cWS
0,851,C,0,2022,A,C,A,cSW
0,857,A,0,1845,A,A,A,cWS
0,867,A,0,870,G,A,G,cSS
0,868,G,0,884,C,G,C,cWW
0,870,G,0,880,C,G,C,cWW
0,871,G,0,879,C,G,C,cWW
0,872,U,0,878,G,U,G,cWW
0,885,G,0,2113,G,G,G,cSS
0,900,U,0,2101,A,U,A,cSW
0,901,G,0,1358,A,G,A,cSS
0,905,C,0,1300,G,C,G,cWW
0,906,C,0,1299,G,C,G,cWW
0,907,A,0,1298,U,A,U,cWW
0,908,A,0,1297,U,A,U,cWW
0,909,U,0,1296,A,U,A,cWW
0,910,C,0,1295,G,C,G,cWW
0,911,G,0,1294,A,G,A,tSH
0,912,A,0,1293,U,A,U,tHW
0,914,A,0,1070,A,A,A,tHS
0,915,C,0,928,G,C,G,cWW
0,916,A,0,927,U,A,U,cWW
0,917,U,0,926,A,U,A,cWW
0,918,G,0,925,C,G,C,cWW
0,919,U,0,924,G,U,G,cWW
0,921,G,0,2279,G,G,G,cWS
0,923,A,0,2480,G,A,G,cWS
0,926,A,0,1043,C,A,C,tHW
0,928,G,0,2394,A,G,A,cSW
0,929,A,0,1041,U,A,U,cWW
0,930,C,0,1040,A,C,A,tWH
0,931,C,0,1039,G,C,G,cWW
0,932,U,0,1038,G,U,G,cWW
0,933,C,0,1037,G,C,G,cWW
0,934,C,0,1036,G,C,G,cWW
0,935,G,0,1035,C,G,C,cWW
0,936,C,0,1034,G,C,G,cWW
0,937,C,0,1033,C,C,C,cWW
0,938,G,0,1032,A,G,A,tSH
0,939,A,0,1031,G,A,G,tHS
0,940,G,0,1026,C,G,C,cWW
0,941,G,0,1025,C,G,C,cWW
0,942,U,0,1024,G,U,G,cWW
0,943,A,0,1025,C,A,C,cWS
0,944,G,0,1023,C,G,C,cWW
0,945,U,0,1022,A,U,A,cWW
0,946,C,0,1021,G,C,G,cWW
0,947,U,0,1020,A,U,A,cWW
0,948,G,0,1019,C,G,C,cWW
0,949,U,0,1018,A,U,A,cWW
0,950,G,0,1017,U,G,U,cWW
0,951,A,0,1016,U,A,U,cWW
0,952,G,0,1015,C,G,C,cWW
0,954,U,0,1013,A,U,A,tWH
0,955,A,0,1012,A,A,A,tHS
0,956,G,0,1011,C,G,C,cWW
0,957,A,0,1009,U,A,U,cWW
0,958,G,0,1008,C,G,C,cWW
0,959,C,0,1005,A,C,A,tWH
0,962,C,0,1008,C,C,C,cWS
0,963,C,0,1005,A,C,A,cWW
0,964,G,0,1004,C,G,C,cWW
0,965,A,0,1003,U,A,U,cWW
0,966,U,0,1002,G,U,G,cWW
0,967,U,0,1001,U,U,U,cWW
0,968,G,0,1000,C,G,C,cWW
0,969,G,0,999,C,G,C,cWW
0,1045,G,0,1069,C,G,C,cWW
0,1046,G,0,1068,C,G,C,cWW
0,1047,U,0,1067,A,U,A,cWW
0,1048,G,0,1066,U,G,U,cWW
0,1049,C,0,1065,G,C,G,cWW
0,1050,G,0,1064,U,G,U,cWW
0,1051,C,0,1063,G,C,G,cWW
0,1052,G,0,1062,U,G,U,cWW
0,1053,G,0,1061,C,G,C,cWW
0,1054,G,0,1060,C,G,C,cWW
0,1054,G,0,2283,G,G,G,tSW
0,1055,G,0,1058,A,G,A,tSH
0,1058,A,0,2491,G,A,G,cSS
0,1063,G,0,2301,A,G,A,tSH
0,1069,C,0,1081,A,C,A,cSS
0,1072,G,0,1088,A,G,A,tSH
0,1073,A,0,1086,A,A,A,tHS
0,1073,A,0,1087,G,A,G,tHS
0,1074,G,0,1085,C,G,C,cWW
0,1075,G,0,1084,C,G,C,cWW
0,1076,G,0,1083,C,G,C,cWW
0,1076,G,9,87,U,G,U,cSW
0,1083,C,0,1124,A,C,A,cSW
0,1085,C,0,1097,A,C,A,cSS
0,1088,A,0,1260,G,A,G,cSW
0,1089,G,0,1267,C,G,C,cWW
0,1090,A,0,1266,U,A,U,cWW
0,1091,U,0,1265,G,U,G,cWW
0,1092,A,0,1264,U,A,U,cWW
0,1093,G,0,1263,C,G,C,cWW
0,1094,G,0,1262,C,G,C,cWW
0,1095,U,0,1261,A,U,A,cWW
0,1096,U,0,1259,A,U,A,tWH
0,1098,A,0,1258,G,A,G,tHS
0,1099,G,0,1257,C,G,C,cWW
0,1100,G,0,1256,C,G,C,cWW
0,1101,U,0,1255,A,U,A,cWW
0,1102,C,0,1241,G,C,G,cWW
0,1103,C,0,1240,G,C,G,cWW
0,1104,C,0,1239,G,C,G,cWW
0,1106,A,0,1257,C,A,C,cSS
0,1108,G,0,1254,C,G,C,cWW
0,1110,G,0,1253,C,G,C,cWW
0,1111,U,0,1252,A,U,A,cWW
0,1112,G,0,1251,C,G,C,cWW
0,1113,G,0,1250,C,G,C,cWW
0,1114,A,0,1249,U,A,U,cWW
0,1115,U,0,1248,A,U,A,cWW
0,1116,U,0,1118,A,U,A,cSW
0,1116,U,0,1246,A,U,A,tWH
0,1118,A,0,1244,U,A,U,tHW
0,1121,G,0,1243,C,G,C,cWW
0,1122,U,0,1242,A,U,A,cWW
0,1132,A,0,2521,A,A,A,cWS
0,1133,A,0,1229,C,A,C,tHS
0,1133,A,0,2520,G,A,G,cSS
0,1134,G,0,1228,C,G,C,cWW
0,1135,G,0,1227,C,G,C,cWW
0,1136,U,0,1226,G,U,G,cWW
0,1138,G,0,1225,C,G,C,cWW
0,1139,U,0,1224,G,U,G,cWW
0,1140,C,0,1223,G,C,G,cWW
0,1141,U,0,1222,A,U,A,cWW
0,1142,C,0,1221,G,C,G,cWW
0,1143,G,0,1220,U,G,U,cWW
0,1144,A,0,1219,U,A,U,cWW
0,1145,G,0,1218,U,G,U,cWW
0,1146,C,0,1217,G,C,G,cWW
0,1147,C,0,1216,G,C,G,cWW
0,1151,G,0,1215,A,G,A,tSH
0,1152,A,0,1214,G,A,G,tHS
0,1154,A,0,1213,C,A,C,cWW
0,1155,G,0,1212,C,G,C,cWW
0,1156,C,0,1211,G,C,G,cWW
0,1157,C,0,1210,G,C,G,cWW
0,1158,G,0,1209,C,G,C,cWW
0,1159,G,0,1189,A,G,A,tSH
0,1159,G,0,1208,C,G,C,cWW
0,1160,G,0,1207,A,G,A,tSH
0,1161,A,0,1185,U,A,U,cWW
0,1162,G,0,1184,C,G,C,cWW
0,1163,G,0,1183,C,G,C,cWW
0,1164,U,0,1192,A,U,A,cWW
0,1166,A,0,1180,U,A,U,cWW
0,1167,G,0,1179,C,G,C,cWW
0,1168,C,0,1178,G,C,G,cWW
0,1169,U,0,1177,A,U,A,cWW
0,1170,U,0,1173,A,U,A,tSH
0,1175,G,0,1195,G,G,G,cHH
0,1176,C,0,1203,G,C,G,cW.
0,1191,A,0,1206,U,A,U,cWW
0,1194,A,0,1205,U,A,U,cWW
0,1195,G,0,1204,C,G,C,cWW
0,1196,C,0,1203,G,C,G,cWW
0,1197,G,0,1202,A,G,A,tSH
0,1198,U,0,1201,C,U,C,tSH
0,1231,A,0,2498,C,A,C,cWS
0,1235,G,0,2080,G,G,G,cWS
0,1238,C,0,1241,G,C,G,tWH
0,1268,C,0,1290,G,C,G,cWW
0,1269,G,0,1289,C,G,C,cWW
0,1270,U,0,1286,A,U,A,cWW
0,1271,A,0,1285,U,A,U,cWW
0,1272,C,0,1284,G,C,G,cWW
0,1273,C,0,1283,G,C,G,cWW
0,1274,A,0,1282,U,A,U,cWW
0,1275,C,0,1281,C,C,C,cWW
0,1276,U,0,1280,A,U,A,tSH
0,1301,C,0,1354,G,C,G,cWW
0,1302,G,0,1353,C,G,C,cWW
0,1303,C,0,1351,G,C,G,cWW
0,1304,U,0,1350,U,U,U,cWW
0,1305,C,0,1349,G,C,G,cWW
0,1306,U,0,1348,A,U,A,cWW
0,1307,A,0,1347,U,A,U,cWW
0,1308,A,0,1346,U,A,U,cWW
0,1309,U,0,1345,A,U,A,cWW
0,1310,U,0,1344,G,U,G,cWW
0,1311,G,0,1343,C,G,C,cWW
0,1312,G,0,1342,C,G,C,cWW
0,1316,G,0,1341,A,G,A,tSH
0,1317,A,0,1340,G,A,G,tHS
0,1318,A,0,1339,G,A,G,tHS
0,1319,G,0,1338,U,G,U,cWW
0,1320,U,0,1337,A,U,A,cWW
0,1321,A,0,1336,U,A,U,cWW
0,1322,G,0,1335,C,G,C,cWW
0,1323,G,0,1334,C,G,C,cWW
0,1324,G,0,1333,U,G,U,cWW
0,1325,G,0,1332,C,G,C,cWW
0,1326,U,0,1331,A,U,A,cWW
0,1327,G,0,1330,A,G,A,tSH
0,1366,C,0,2058,G,C,G,cWW
0,1367,A,0,2057,U,A,U,cWW
0,1368,U,0,2056,C,U,C,tSH
0,1371,U,0,2054,A,U,A,tWH
0,1372,A,0,2053,G,A,G,tHS
0,1373,G,0,2052,U,G,U,cWW
0,1374,C,0,2051,G,C,G,cWW
0,1375,A,0,2044,G,A,G,cWS
0,1382,G,0,1400,C,G,C,cWW
0,1383,U,0,1399,A,U,A,cWW
0,1384,C,0,1398,G,C,G,cWW
0,1385,G,0,1397,C,G,C,cWW
0,1386,G,0,1396,C,G,C,cWW
0,1387,G,0,1395,C,G,C,cWW
0,1388,U,0,1392,A,U,A,tWH
0,1389,G,0,1435,U,G,U,cSW
0,1393,A,0,1725,C,A,C,cWS
0,1401,G,0,1721,C,G,C,cWW
0,1402,G,0,1720,C,G,C,cWW
0,1403,C,0,1719,G,C,G,cWW
0,1404,C,0,1718,G,C,G,cWW
0,1405,U,0,1716,A,U,A,tWH
0,1409,G,0,1700,C,G,C,cWW
0,1410,G,0,1699,C,G,C,cWW
0,1411,A,0,1698,U,A,U,cWW
0,1412,U,0,1697,G,U,G,cWW
0,1414,A,0,1681,G,A,G,tHS
0,1415,G,0,1680,C,G,C,cWW
0,1416,G,0,1679,C,G,C,cWW
0,1416,G,0,1685,A,G,A,cSS
0,1419,U,0,1678,A,U,A,cWW
0,1420,C,0,1444,G,C,G,cWW
0,1421,C,0,1443,G,C,G,cWW
0,1421,C,0,1501,A,C,A,cSS
0,1422,U,0,1442,A,U,A,cWW
0,1423,C,0,1441,G,C,G,cWW
0,1424,A,0,1440,U,A,U,cWW
0,1425,G,0,1439,C,G,C,cWW
0,1426,C,0,1437,A,C,A,tWH
0,1428,C,0,1439,C,C,C,cWS
0,1429,U,0,1437,A,U,A,cWW
0,1430,G,0,1436,C,G,C,cWW
0,1448,A,0,1677,U,A,U,tHW
0,1449,G,0,1513,C,G,C,cWW
0,1450,C,0,1512,G,C,G,cWW
0,1451,C,0,1676,G,C,G,cWW
0,1452,G,0,1486,A,G,A,cSW
0,1452,G,0,1675,C,G,C,cWW
0,1453,G,0,1674,C,G,C,cWW
0,1454,U,0,1491,G,U,G,tHW
0,1455,C,0,1490,G,C,G,cWW
0,1456,C,0,1489,G,C,G,cWW
0,1457,U,0,1485,A,U,A,tWH
0,1459,A,0,1484,G,A,G,tHS
0,1460,G,0,1483,C,G,C,cWW
0,1461,U,0,1482,A,U,A,cWW
0,1462,C,0,1481,G,C,G,cWW
0,1463,A,0,1480,U,A,U,cWW
0,1464,U,0,1479,A,U,A,cWW
0,1465,A,0,1478,U,A,U,cWW
0,1466,C,0,1477,C,C,C,cWW
0,1467,C,0,1475,G,C,G,cWW
0,1468,G,0,1474,C,G,C,cWW
0,1469,C,0,1472,C,C,C,tWH
0,1492,A,0,1514,C,A,C,cSS
0,1494,A,0,1511,U,A,U,cWW
0,1495,C,0,1510,G,C,G,cWW
0,1495,C,0,1572,A,C,A,cSS
0,1496,G,0,1509,C,G,C,cWW
0,1497,G,0,1508,C,G,C,cWW
0,1498,G,0,1507,C,G,C,cWW
0,1499,U,0,1504,A,U,A,tWH
0,1514,C,0,1672,G,C,G,cWW
0,1515,A,0,1671,U,A,U,cWW
0,1516,C,0,1670,G,C,G,cWW
0,1517,U,0,1669,A,U,A,cWW
0,1518,A,0,1668,U,A,U,cWW
0,1519,U,0,1667,A,U,A,cWW
0,1520,G,0,1666,C,G,C,cWW
0,1521,C,0,1665,G,C,G,cWW
0,1528,A,0,1663,G,A,G,tHS
0,1529,G,0,1662,C,G,C,cWW
0,1530,U,0,1661,A,U,A,cWW
0,1531,U,0,1660,G,U,G,cWW
0,1532,G,0,1659,A,G,A,tSH
0,1534,C,0,1657,A,C,A,tWH
0,1535,G,0,1650,C,G,C,cWW
0,1536,C,0,1649,G,C,G,cWW
0,1537,C,0,1648,G,C,G,cWW
0,1538,C,0,1647,G,C,G,cWW
0,1539,U,0,1646,G,U,G,cWW
0,1540,G,0,1645,U,G,U,cWW
0,1541,G,0,1644,C,G,C,cWW
0,1542,G,0,1643,C,G,C,cWW
0,1543,G,0,1642,A,G,A,tSH
0,1544,U,0,1641,A,U,A,tWH
0,1545,C,0,1640,C,C,C,tHW
0,1545,C,0,1702,U,C,U,cWW
0,1546,G,0,1639,U,G,U,cWW
0,1547,A,0,1638,U,A,U,cWW
0,1548,U,0,1637,A,U,A,cWW
0,1549,C,0,1636,G,C,G,cWW
0,1550,A,0,1635,U,A,U,cWW
0,1551,C,0,1634,G,C,G,cWW
0,1552,G,0,1569,U,G,U,cWW
0,1553,C,0,1568,G,C,G,cWW
0,1554,U,0,1567,A,U,A,cWW
0,1554,U,0,1631,A,U,A,cSS
0,1555,G,0,1566,C,G,C,cWW
0,1556,G,0,1565,C,G,C,cWW
0,1557,G,0,1564,C,G,C,cWW
0,1558,C,0,1563,G,C,G,cWW
0,1561,U,0,2739,A,U,A,cWW
0,1562,C,0,2738,G,C,G,cWW
0,1570,C,0,1627,G,C,G,cWW
0,1571,G,0,1626,A,G,A,tSH
0,1573,A,0,1623,C,A,C,tHS
0,1574,C,0,1622,G,C,G,cWW
0,1575,C,0,1621,G,C,G,cWW
0,1576,G,0,1620,C,G,C,cWW
0,1577,U,0,1619,G,U,G,cWW
0,1578,C,0,1618,G,C,G,cWW
0,1579,C,0,1616,A,C,A,tWH
0,1579,C,0,1618,G,C,G,cWW
0,1581,A,0,1614,G,A,G,tHS
0,1582,C,0,1613,C,C,C,cWW
0,1583,U,0,1612,A,U,A,cWW
0,1584,C,0,1611,G,C,G,cWW
0,1585,C,0,1610,G,C,G,cWW
0,1586,G,0,1609,C,G,C,cWW
0,1587,U,0,1608,G,U,G,cWW
0,1588,G,0,1607,A,G,A,tSH
0,1589,G,0,1606,A,G,A,tSH
0,1590,A,0,1605,G,A,G,tHS
0,1592,G,0,1602,C,G,C,cWW
0,1593,C,0,1601,G,C,G,cWW
0,1594,C,0,1600,G,C,G,cWW
0,1595,G,0,1599,U,G,U,tWH
0,1628,G,0,1633,C,G,C,cWW
0,1629,G,0,1632,A,G,A,tSH
0,1651,C,0,1655,G,C,G,cWW
0,1682,A,0,1696,U,A,U,tHW
0,1686,C,0,1695,G,C,G,cWW
0,1687,C,0,1694,G,C,G,cWW
0,1703,G,0,1715,C,G,C,cWW
0,1704,G,0,1714,C,G,C,cWW
0,1705,C,0,1713,G,C,G,cWW
0,1706,G,0,1712,A,G,A,tSH
0,1707,G,0,1711,A,G,A,tSH
0,1725,C,0,2050,G,C,G,cWW
0,1726,G,0,2049,C,G,C,cWW
0,1727,G,0,2048,C,G,C,cWW
0,1728,G,0,2047,C,G,C,cWW
0,1733,A,0,2046,G,A,G,tHS
0,1734,C,0,2045,G,C,G,cWW
0,1735,C,0,2044,G,C,G,cWW
0,1736,A,0,2043,U,A,U,cWW
0,1737,A,0,2042,U,A,U,cWW
0,1738,C,0,2041,G,C,G,cWW
0,1739,G,0,2040,C,G,C,cWW
0,1740,U,0,2039,A,U,A,cWW
0,1741,U,0,2038,A,U,A,cWW
0,1742,A,0,2033,G,A,G,tHH
0,1743,G,0,2036,C,G,C,cWW
0,1744,G,0,2035,C,G,C,cWW
0,1745,G,0,2034,U,G,U,tS.
0,1746,A,0,2032,U,A,U,tHW
0,1747,A,0,2034,U,A,U,cWW
0,1752,G,0,2031,C,G,C,cWW
0,1758,U,0,1819,G,U,G,tSH
0,1760,G,0,1784,U,G,U,cWW
0,1761,U,0,1783,A,U,A,cWW
0,1762,C,0,1782,G,C,G,cWW
0,1763,C,0,1781,G,C,G,cWW
0,1764,C,0,1780,G,C,G,cWW
0,1765,G,0,1779,A,G,A,tSH
0,1766,U,0,1778,A,U,A,tSH
0,1768,C,0,1775,A,C,A,tHS
0,1769,C,0,1774,G,C,G,cWW
0,1771,U,0,1885,A,U,A,cWW
0,1785,G,0,1807,U,G,U,cWW
0,1786,C,0,1806,G,C,G,cWW
0,1787,C,0,1805,G,C,G,cWW
0,1788,U,0,1804,A,U,A,cWW
0,1789,G,0,1803,C,G,C,cWW
0,1790,C,0,1802,G,C,G,cWW
0,1791,U,0,1801,A,U,A,cWW
0,1792,C,0,1800,G,C,G,cWW
0,1793,C,0,1799,G,C,G,cWW
0,1794,G,0,1797,A,G,A,tSH
0,1805,G,0,2875,A,G,A,cSS
0,1808,C,0,1812,G,C,G,cWW
0,1810,C,0,2752,C,C,C,cWS
0,1813,U,0,1817,U,U,U,cWW
0,1813,U,0,1818,C,U,C,cWW
0,1820,G,0,2029,C,G,C,cWW
0,1821,A,0,2028,U,A,U,cWW
0,1822,A,0,2027,U,A,U,cWW
0,1823,G,0,2026,C,G,C,cWW
0,1824,C,0,2025,G,C,G,cWW
0,1825,U,0,2024,A,U,A,cWW
0,1826,C,0,2023,G,C,G,cWW
0,1827,G,0,2021,C,G,C,cWW
0,1828,G,0,2020,C,G,C,cWW
0,1829,A,0,1847,A,A,A,tHW
0,1830,C,0,1846,U,C,U,tHW
0,1832,G,0,1844,C,G,C,cWW
0,1833,U,0,1843,A,U,A,cWW
0,1834,C,0,1841,C,C,C,tWH
0,1839,A,0,2642,G,A,G,cSS
0,1847,A,0,1884,G,A,G,tHS
0,1848,G,0,1883,U,G,U,cWW
0,1849,G,0,1882,C,G,C,cWW
0,1850,U,0,1881,A,U,A,cWW
0,1851,G,0,1880,C,G,C,cWW
0,1852,A,0,1879,U,A,U,cWW
0,1853,C,0,1878,G,C,G,cWW
0,1854,C,0,1858,A,C,A,cSS
0,1854,C,0,1877,G,C,G,cWW
0,1857,A,0,2246,U,A,U,cWS
0,1859,A,0,1870,C,A,C,cWW
0,1860,U,0,1869,A,U,A,cWW
0,1861,C,0,1868,G,C,G,cWW
0,1862,C,0,1867,G,C,G,cWW
0,1863,G,0,1866,A,G,A,tSH
0,1885,A,0,2017,U,A,U,tHW
0,1886,A,0,2016,U,A,U,cWW
0,1887,U,0,2015,A,U,A,cWW
0,1888,C,0,2014,G,C,G,cWW
0,1889,C,0,2013,G,C,G,cWW
0,1891,G,0,1946,C,G,C,cWW
0,1892,C,0,1945,G,C,G,cWW
0,1893,C,0,1944,G,C,G,cWW
0,1894,C,0,1942,A,C,A,tWH
0,1896,G,0,1943,C,G,C,cWW
0,2450,C,0,2442,G,C,G,cWW
0,2451,G,0,2441,U,G,U,cWW
0,2452,G,0,2440,C,G,C,cWW
0,2453,G,0,2439,C,G,C,cWW
0,2454,C,0,2438,G,C,G,cWW
0,2455,A,0,2436,U,A,U,cWW
0,2456,A,0,2435,U,A,U,cWW
0,2457,U,0,2434,A,U,A,cWW
0,2458,U,0,2433,A,U,A,cWW
0,2459,G,0,2432,C,G,C,cWW
0,2460,A,0,2430,A,A,A,tWH
0,2461,U,0,2429,A,U,A,tWH
0,1912,A,0,1927,A,A,A,cWW
0,1913,C,0,1926,G,C,G,cWW
0,1914,C,0,1925,G,C,G,cWW
0,1915,U,0,1924,A,U,A,cWW
0,1916,C,0,1923,G,C,G,cWW
0,1917,G,0,1922,A,G,A,tSH
0,1918,U,0,1921,A,U,A,tSH
0,1931,A,0,1908,G,A,G,tHS
0,1932,G,0,1907,U,G,U,cWW
0,1933,G,0,1906,C,G,C,cWW
0,1934,A,0,1905,U,A,U,cWW
0,1935,C,0,1902,G,C,G,cWW
0,1936,C,0,1901,G,C,G,cWW
0,1937,U,0,1900,A,U,A,cWW
0,1938,G,0,1899,C,G,C,cWW
0,1939,U,0,1898,G,U,G,cWW
0,1942,A,0,1897,U,A,U,cWW
0,1972,U,0,2010,A,U,A,tWH
0,1973,A,0,2009,G,A,G,tHS
0,1974,G,0,2008,U,G,U,cWW
0,1975,C,0,2005,G,C,G,cWW
0,1964,U,0,1948,G,U,G,cWW
0,1965,C,0,1947,G,C,G,cWW
0,1984,U,0,1977,U,U,U,cWW
0,1986,G,0,2002,C,G,C,cWW
0,1987,C,0,2001,G,C,G,cWW
0,1988,C,0,2000,G,C,G,cWW
0,1989,G,0,1999,C,G,C,cWW
0,1990,C,0,1998,G,C,G,cWW
0,2063,U,0,2083,A,U,A,cWS
0,2064,U,0,2081,A,U,A,cWW
0,2065,C,0,2080,G,C,G,cWW
0,2066,C,0,2079,G,C,G,cWW
0,2067,A,0,2078,U,A,U,cWW
0,2068,G,0,2077,C,G,C,cWW
0,2060,A,0,2076,U,A,U,cWW
0,2061,C,0,2075,G,C,G,cWW
0,2084,C,0,2660,G,C,G,cWW
0,2085,A,0,2659,U,A,U,cWW
0,2086,C,0,2658,G,C,G,cWW
0,2087,C,0,2657,G,C,G,cWW
0,2088,C,0,2656,G,C,G,cWW
0,2089,A,0,2655,U,A,U,cWW
0,2090,G,0,2654,C,G,C,cWW
0,2091,G,0,2653,A,G,A,cWW
0,2093,G,0,2652,U,G,U,cWW
0,2094,G,0,2651,C,G,C,cWW
0,2095,A,0,2650,U,A,U,cWW
0,2097,G,0,2647,C,G,C,cWW
0,2098,C,0,2646,G,C,G,cWW
0,2239,C,0,2136,G,C,G,cWW
0,2240,U,0,2135,A,U,A,cWW
0,2241,C,0,2134,G,C,G,cWW
0,2242,U,0,2258,A,U,A,tWH
0,2244,A,0,2257,G,A,G,tHS
0,2245,C,0,2256,G,C,G,cWW
0,2246,U,0,2255,A,U,A,cWW
0,2247,C,0,2254,G,C,G,cWW
0,2248,C,0,2253,G,C,G,cWW
0,2249,G,0,2252,A,G,A,tSH
0,2261,C,0,2132,C,C,C,cWW
0,2262,C,0,2131,G,C,G,cWW
0,2263,G,0,2130,C,G,C,cWW
0,2264,A,0,2129,U,A,U,cWW
0,2265,U,0,2128,G,U,G,cWW
0,2266,A,0,2127,U,A,U,cWW
0,2267,G,0,2126,C,G,C,cWW
0,2268,C,0,2125,G,C,G,cWW
0,2269,C,0,2124,G,C,G,cWW
0,2270,G,0,2123,A,G,A,tSH
0,2272,G,0,2122,C,G,C,cWW
0,2273,C,0,2121,G,C,G,cWW
0,2274,A,0,2120,U,A,U,cWW
0,2275,G,0,2119,C,G,C,cWW
0,2276,U,0,2118,A,U,A,cWW
0,2470,A,0,2115,U,A,U,cWW
0,2471,G,0,2114,C,G,C,cWW
0,2472,C,0,2113,G,C,G,cWW
0,2473,U,0,2112,A,U,A,cWW
0,2476,C,0,2111,G,C,G,cWW
0,2477,C,0,2110,G,C,G,cWW
0,2478,U,0,2108,A,U,A,cWW
0,2479,A,0,2107,U,A,U,cWW
0,2480,G,0,2106,C,G,C,cWW
0,2481,G,0,2105,C,G,C,cWW
0,2485,A,0,2536,C,A,C,tHW
0,2486,A,0,2102,G,A,G,cWW
0,2487,C,0,2535,U,C,U,cWW
0,2488,A,0,2534,C,A,C,cWW
0,2489,G,0,2533,C,G,C,cWW
0,2490,A,0,2531,U,A,U,cWW
0,2491,G,0,2530,C,G,C,cWW
0,2492,U,0,2529,G,U,G,cWW
0,2494,G,0,2528,U,G,U,cWW
0,2495,U,0,2527,U,U,U,cWW
0,2496,C,0,2524,G,C,G,cWW
0,2497,A,0,2523,U,A,U,cWW
0,2498,C,0,2522,G,C,G,cWW
0,2499,U,0,2521,A,U,A,cWW
0,2500,C,0,2520,G,C,G,cWW
0,2501,G,0,2519,C,G,C,cWW
0,2502,C,0,2518,C,C,C,cWW
0,2503,A,0,2517,A,A,A,tSH
0,2504,A,0,2516,G,A,G,tHS
0,2505,G,0,2515,C,G,C,cWW
0,2506,A,0,2514,U,A,U,cWW
0,2507,G,0,2513,A,G,A,tSH
0,2279,G,0,2292,C,G,C,cWW
0,2280,A,0,2290,U,A,U,cWW
0,2281,C,0,2289,G,C,G,cWW
0,2309,C,0,2288,G,C,G,cWW
0,2308,U,0,2299,G,U,G,tHS
0,2310,G,0,2298,C,G,C,cWW
0,2311,A,0,2297,U,A,U,cWW
0,2312,G,0,2296,C,G,C,cWW
0,2313,C,0,2295,G,C,G,cWW
0,2314,G,0,2294,C,G,C,cWW
0,2315,C,0,2293,G,C,G,cWW
0,2316,G,0,2464,C,G,C,cWW
0,2323,G,0,2377,U,G,U,cWW
0,2324,G,0,2376,C,G,C,cWW
0,2325,C,0,2375,G,C,G,cWW
0,2326,U,0,2374,A,U,A,cWW
0,2327,A,0,2373,U,A,U,cWW
0,2328,U,0,2372,A,U,A,cWW
0,2329,C,0,2371,G,C,G,cWW
0,2330,U,0,2369,A,U,A,tWH
0,2331,C,0,2355,G,C,G,cWW
0,2332,A,0,2352,G,A,G,tHS
0,2333,G,0,2351,C,G,C,cWW
0,2334,C,0,2350,G,C,G,cWW
0,2335,C,0,2349,G,C,G,cWW
0,2336,G,0,2348,C,G,C,cWW
0,2337,G,0,2347,C,G,C,cWW
0,2338,G,0,2346,C,G,C,cWW
0,2357,G,0,2366,C,G,C,cWW
0,2358,U,0,2365,G,U,G,cWW
0,2422,U,0,2364,A,U,A,cWW
0,2423,C,0,2363,G,C,G,cWW
0,2424,U,0,2362,A,U,A,cWW
0,2398,A,0,2390,U,A,U,tHS
0,2399,G,0,2389,U,G,U,cWW
0,2400,G,0,2388,C,G,C,cWW
0,2401,A,0,2387,U,A,U,cWW
0,2402,A,0,2386,U,A,U,cWW
0,2403,C,0,2385,G,C,G,cWW
0,2404,G,0,2384,U,G,U,cWW
0,2405,C,0,2383,G,C,G,cWW
0,2406,U,0,2382,A,U,A,cWW
0,2407,G,0,2381,C,G,C,cWW
0,2409,C,0,2418,G,C,G,cWW
0,2410,G,0,2417,C,G,C,cWW
0,2411,C,0,2416,G,C,G,cWW
0,2412,G,0,2415,A,G,A,tSH
0,2420,G,0,2319,C,G,C,cWW
0,2421,G,0,2318,C,G,C,cWW
0,2359,G,0,2317,C,G,C,cWW
0,2360,C,0,2426,G,C,G,cWW
0,2541,U,0,2618,G,U,G,cWW
0,2542,C,0,2617,G,C,G,cWW
0,2543,G,0,2615,U,G,U,cWW
0,2544,G,0,2614,C,G,C,cWW
0,2545,U,0,2613,G,U,G,cWW
0,2546,U,0,2610,U,U,U,cWW
0,2547,C,0,2609,G,C,G,cWW
0,2548,C,0,2606,G,C,G,cWW
0,2549,C,0,2605,G,C,G,cWW
0,2550,U,0,2604,A,U,A,cWW
0,2551,C,0,2603,G,C,G,cWW
0,2552,C,0,2602,G,C,G,cWW
0,2555,C,0,2580,G,C,G,cWW
0,2556,C,0,2579,G,C,G,cWW
0,2557,U,0,2578,G,U,G,cWW
0,2800,A,0,2576,A,A,A,cWS
0,2558,G,0,2575,C,G,C,cWW
0,2559,C,0,2574,G,C,G,cWW
0,2560,C,0,2573,G,C,G,cWW
0,2561,C,0,2572,G,C,G,cWW
0,2562,G,0,2571,C,G,C,cWW
0,2563,U,0,2570,G,U,G,cWW
0,2591,C,0,1996,U,C,U,cW.
0,2592,G,0,2586,U,G,U,cWW
0,2593,C,0,2585,G,C,G,cWW
0,2594,C,0,2584,G,C,G,cWW
0,2595,U,0,2583,A,U,A,cWW
0,2596,A,0,2582,G,A,G,cWW
0,2597,U,0,2601,A,U,A,tWH
0,2622,A,0,2643,G,A,G,tHS
0,2623,G,0,2641,C,G,C,cWW
0,2624,A,0,2640,U,A,U,cWW
0,2625,C,0,2639,G,C,G,cWW
0,2626,C,0,2638,G,C,G,cWW
0,2627,G,0,2636,C,G,C,cWW
0,2628,U,0,2635,A,U,A,cWW
0,2629,C,0,2634,G,C,G,cWW
0,2630,G,0,2633,A,G,A,tSH
0,2667,G,0,2822,C,G,C,cWW
0,2668,G,0,2821,C,G,C,cWW
0,2669,U,0,2820,A,U,A,cWW
0,2670,G,0,2819,C,G,C,cWW
0,2671,U,0,2818,A,U,A,cWW
0,2672,C,0,2817,G,C,G,cWW
0,2673,U,0,2811,A,U,A,tWH
0,2674,G,0,2813,A,G,A,tSH
0,2675,A,0,2810,G,A,G,tHS
0,2676,C,0,2809,G,C,G,cWW
0,2677,A,0,2808,U,A,U,cWW
0,2678,A,0,2807,U,A,U,cWW
0,2679,G,0,2806,C,G,C,cWW
0,2769,C,0,2805,A,C,A,tWS
0,2770,G,0,2804,C,G,C,cWW
0,2771,G,0,2803,C,G,C,cWW
0,2772,G,0,2802,C,G,C,cWW
0,2773,G,0,2801,A,G,A,cWW
0,2774,U,0,2799,A,U,A,tWH
0,2776,A,0,2798,G,A,G,tHS
0,2777,G,0,2797,C,G,C,cWW
0,2778,A,0,2796,U,A,U,cWW
0,2779,G,0,2795,C,G,C,cWW
0,2780,C,0,2794,G,C,G,cWW
0,2782,G,0,2792,A,G,A,tSH
0,2783,A,0,2789,U,A,U,tHW
0,2784,A,0,2788,A,A,A,tHW
0,2700,G,0,2695,C,G,C,cWW
0,2701,G,0,2694,A,G,A,tSH
0,2702,A,0,2693,U,A,U,tHW
0,2704,C,0,2690,U,C,U,tHS
0,2705,U,0,2689,A,U,A,cWW
0,2706,A,0,2688,U,A,U,cWW
0,2707,C,0,2687,G,C,G,cWW
0,2708,G,0,2686,C,G,C,cWW
0,2709,G,0,2685,C,G,C,cWW
0,2710,U,0,2684,A,U,A,cWW
0,2711,U,0,2683,G,U,G,cWW
0,2712,G,0,2682,C,G,C,cWW
0,2713,G,0,2767,C,G,C,cWW
0,2714,U,0,2766,A,U,A,cWW
0,2715,G,0,2765,C,G,C,cWW
0,2716,G,0,2764,C,G,C,cWW
0,2717,C,0,2763,G,C,G,cWW
0,2721,U,0,2761,A,U,A,cWW
0,2722,G,0,2760,C,G,C,cWW
0,2723,G,0,2759,C,G,C,cWW
0,2724,U,0,2758,G,U,G,cWW
0,2725,G,0,2757,A,G,A,tSH
0,2896,A,0,2756,U,A,U,cWW
0,2727,A,0,2755,G,A,G,tHS
0,2728,C,0,2754,G,C,G,cWW
0,2729,C,0,2753,G,C,G,cWW
0,2730,G,0,2752,C,G,C,cWW
0,2731,G,0,2751,C,G,C,cWW
0,2732,U,0,2750,G,U,G,cWW
0,2733,U,0,2746,A,U,A,cWW
0,2734,G,0,2745,C,G,C,cWW
0,2735,U,0,2744,G,U,G,cWW
0,2736,U,0,2743,A,U,A,cWW
0,2737,C,0,2742,G,C,G,cWW
0,2826,G,0,2914,A,G,A,tSH
0,2827,A,0,2913,A,A,A,tHS
0,2828,G,0,2912,C,G,C,cWW
0,2829,G,0,2911,C,G,C,cWW
0,2830,U,0,2910,A,U,A,cWW
0,2831,C,0,2909,G,C,G,cWW
0,2832,C,0,2848,G,C,G,cWW
0,2833,C,0,2847,G,C,G,cWW
0,2834,G,0,2846,C,G,C,cWW
0,2835,C,0,2845,G,C,G,cWW
0,2836,G,0,2844,C,G,C,cWW
0,2838,A,0,2843,A,A,A,cSW
0,2851,G,0,2906,A,G,A,tSH
0,2853,U,0,2905,A,U,A,cWW
0,2854,A,0,2904,U,A,U,cWW
0,2855,G,0,2903,C,G,C,cWW
0,2856,A,0,2901,C,A,C,cWW
0,2857,C,0,2900,G,C,G,cWW
0,2858,U,0,2899,A,U,A,cWW
0,2859,C,0,2898,G,C,G,cWW
0,2860,G,0,2897,C,G,C,cWW
0,2861,G,0,2895,C,G,C,cWW
0,2862,G,0,2894,C,G,C,cWW
0,2863,G,0,2893,C,G,C,cWW
0,2864,U,0,2892,G,U,G,cWW
0,2865,G,0,2891,A,G,A,tSH
0,2869,G,0,2888,U,G,U,cWW
0,2870,C,0,2887,G,C,G,cWW
0,2871,G,0,2886,C,G,C,cWW
0,2872,U,0,2885,A,U,A,cWW
0,2873,C,0,2884,G,C,G,cWW
0,2874,G,0,2883,A,G,A,tSH
0,2875,A,0,2882,G,A,G,tHS
0,2876,G,0,2881,C,G,C,cWW
0,2877,G,0,2880,A,G,A,tSH
9,4,G,9,119,C,G,C,cWW
9,5,G,9,118,C,G,C,cWW
9,6,C,9,117,G,C,G,cWW
9,7,G,9,116,C,G,C,cWW
9,8,G,9,115,C,G,C,cWW
9,9,C,9,114,G,C,G,cWW
9,27,C,9,55,U,C,U,cWW
9,28,U,9,54,A,U,A,cWW
9,29,C,9,53,G,C,G,cWW
9,30,C,9,50,G,C,G,cWW
9,31,C,9,49,G,C,G,cWW
9,32,G,9,48,C,G,C,cWW
9,33,U,9,47,A,U,A,cWW
9,37,C,9,43,G,C,G,cWW
9,38,A,9,45,A,A,A,cSW
9,39,U,9,44,A,U,A,tSH
9,59,C,9,21,G,C,G,cWW
9,60,C,9,20,G,C,G,cWW
9,61,C,9,19,G,C,G,cWW
9,62,A,9,18,U,A,U,cWW
9,63,C,9,17,G,C,G,cWW
9,64,C,9,16,G,C,G,cWW
9,66,G,9,15,C,G,C,cWW
9,67,C,9,14,G,C,G,cWW
9,69,U,9,112,U,U,U,cWW
9,70,U,9,111,U,U,U,cWW
9,71,C,9,110,G,C,G,cWW
9,72,C,9,109,G,C,G,cWW
9,73,G,9,108,C,G,C,cWW
9,74,G,9,107,C,G,C,cWW
9,75,G,9,106,C,G,C,cWW
9,76,G,9,105,A,G,A,tSH
9,79,U,9,103,A,U,A,tWH
9,80,A,9,102,G,A,G,tHS
9,81,C,9,101,G,C,G,cWW
9,82,U,9,100,G,U,G,cWW
9,83,G,9,99,U,G,U,cWW
9,84,G,9,98,C,G,C,cWW
9,85,A,9,97,U,A,U,cWW
9,86,G,9,96,C,G,C,cWW
9,88,G,9,95,C,G,C,cWW
9,89,C,9,94,G,C,G,cWW
9,90,G,9,93,A,G,A,tSH
